id,kind,scope,name_use_site,rva_1_6_1170,rva_1_7_104,confidence,method,evidence,crosscheck
25052,id,ours,"RelocationID(24523,25052) MFO:Packages.cpp:324 ; RelocationID(24523,25052) MFO:Packages.cpp:334",0x3CDEE0,0x3D4FA0,UNIQUE-SIG,sig:L1-body,"masked-byte head region (721 B, 601 fixed, 203 insn) hits exactly once in 1.7.104 .text (at 0x3D4FA0) and exactly once in 1.6.1170 .text; callees 12/12 ordered; rev-callees 12/12; callers 3/3; identical-caller sites 3 agree; neighbour-delta hint +0 B (hint only)",pass
208040,vtable,ours,VTABLE_PlayerCharacter[0] MFO:MainThread.cpp:104 ; VTABLE_PlayerCharacter[0] APMF:core/Hook.cpp:101 ; VTABLE_PlayerCharacter[0] APMF:core/Hook.cpp:112,0x18AB9C0,0x19296C0,EXACT,rtti:vtable,"exact RTTI class .?AVPlayerCharacter@@, base subobject (primary) (found by BaseClassDescriptor displacement, not by raw offset) unique in both images; COL/TD chain verified (sig=1, pSelf); L1-anchored slots consistent 116/116; LAYOUT CHANGE: 1.7.104 adds base(s) ['.?AV?$BSTEventSink@VBSSystemEvent@@@@'] to the class hierarchy (25 -> 26 bases); subobject offsets/sizeof may shift, vtable identity by base name is unaffected",pass
208042,vtable,ours,VTABLE_PlayerCharacter[1] MFO:MainThread.cpp:104 ; VTABLE_PlayerCharacter[1] APMF:core/Hook.cpp:101 ; VTABLE_PlayerCharacter[1] APMF:core/Hook.cpp:112,0x18AC340,0x192A040,EXACT,rtti:vtable,"exact RTTI class .?AVPlayerCharacter@@, base subobject .?AVBSHandleRefObject@@ (found by BaseClassDescriptor displacement, not by raw offset) unique in both images; COL/TD chain verified (sig=1, pSelf); L1-anchored slots consistent 1/1; LAYOUT CHANGE: 1.7.104 adds base(s) ['.?AV?$BSTEventSink@VBSSystemEvent@@@@'] to the class hierarchy (25 -> 26 bases); subobject offsets/sizeof may shift, vtable identity by base name is unaffected",pass
208044,vtable,ours,VTABLE_PlayerCharacter[2] MFO:MainThread.cpp:104 ; VTABLE_PlayerCharacter[2] APMF:core/Hook.cpp:101 ; VTABLE_PlayerCharacter[2] APMF:core/Hook.cpp:112,0x18AC358,0x192A058,EXACT,rtti:vtable,"exact RTTI class .?AVPlayerCharacter@@, base subobject .?AV?$BSTEventSink@UBSAnimationGraphEvent@@@@ (found by BaseClassDescriptor displacement, not by raw offset) unique in both images; COL/TD chain verified (sig=1, pSelf); L1-anchored slots consistent 2/2; LAYOUT CHANGE: 1.7.104 adds base(s) ['.?AV?$BSTEventSink@VBSSystemEvent@@@@'] to the class hierarchy (25 -> 26 bases); subobject offsets/sizeof may shift, vtable identity by base name is unaffected",pass
208046,vtable,ours,VTABLE_PlayerCharacter[3] MFO:MainThread.cpp:104 ; VTABLE_PlayerCharacter[3] APMF:core/Hook.cpp:101 ; VTABLE_PlayerCharacter[3] APMF:core/Hook.cpp:112,0x18AC370,0x192A070,EXACT,rtti:vtable,"exact RTTI class .?AVPlayerCharacter@@, base subobject .?AVIAnimationGraphManagerHolder@@ (found by BaseClassDescriptor displacement, not by raw offset) unique in both images; COL/TD chain verified (sig=1, pSelf); L1-anchored slots consistent 7/7; LAYOUT CHANGE: 1.7.104 adds base(s) ['.?AV?$BSTEventSink@VBSSystemEvent@@@@'] to the class hierarchy (25 -> 26 bases); subobject offsets/sizeof may shift, vtable identity by base name is unaffected",pass
208048,vtable,ours,VTABLE_PlayerCharacter[4] MFO:MainThread.cpp:104 ; VTABLE_PlayerCharacter[4] APMF:core/Hook.cpp:101 ; VTABLE_PlayerCharacter[4] APMF:core/Hook.cpp:112,0x18AC410,0x192A110,EXACT,rtti:vtable,"exact RTTI class .?AVPlayerCharacter@@, base subobject .?AVMagicTarget@@ (found by BaseClassDescriptor displacement, not by raw offset) unique in both images; COL/TD chain verified (sig=1, pSelf); L1-anchored slots consistent 7/7; LAYOUT CHANGE: 1.7.104 adds base(s) ['.?AV?$BSTEventSink@VBSSystemEvent@@@@'] to the class hierarchy (25 -> 26 bases); subobject offsets/sizeof may shift, vtable identity by base name is unaffected",pass
208050,vtable,ours,VTABLE_PlayerCharacter[5] MFO:MainThread.cpp:104 ; VTABLE_PlayerCharacter[5] APMF:core/Hook.cpp:101 ; VTABLE_PlayerCharacter[5] APMF:core/Hook.cpp:112,0x18AC478,0x192A178,EXACT,rtti:vtable,"exact RTTI class .?AVPlayerCharacter@@, base subobject .?AVActorValueOwner@@ (found by BaseClassDescriptor displacement, not by raw offset) unique in both images; COL/TD chain verified (sig=1, pSelf); L1-anchored slots consistent 6/6; LAYOUT CHANGE: 1.7.104 adds base(s) ['.?AV?$BSTEventSink@VBSSystemEvent@@@@'] to the class hierarchy (25 -> 26 bases); subobject offsets/sizeof may shift, vtable identity by base name is unaffected",pass
208052,vtable,ours,VTABLE_PlayerCharacter[6] MFO:MainThread.cpp:104 ; VTABLE_PlayerCharacter[6] APMF:core/Hook.cpp:101 ; VTABLE_PlayerCharacter[6] APMF:core/Hook.cpp:112,0x18AC4C8,0x192A1C8,EXACT,rtti:vtable,"exact RTTI class .?AVPlayerCharacter@@, base subobject .?AVActorState@@ (found by BaseClassDescriptor displacement, not by raw offset) unique in both images; COL/TD chain verified (sig=1, pSelf); L1-anchored slots consistent 9/9; LAYOUT CHANGE: 1.7.104 adds base(s) ['.?AV?$BSTEventSink@VBSSystemEvent@@@@'] to the class hierarchy (25 -> 26 bases); subobject offsets/sizeof may shift, vtable identity by base name is unaffected",pass
208054,vtable,ours,VTABLE_PlayerCharacter[7] MFO:MainThread.cpp:104 ; VTABLE_PlayerCharacter[7] APMF:core/Hook.cpp:101 ; VTABLE_PlayerCharacter[7] APMF:core/Hook.cpp:112,0x18AC580,0x192A280,EXACT,rtti:vtable,"exact RTTI class .?AVPlayerCharacter@@, base subobject .?AV?$BSTEventSink@VBSTransformDeltaEvent@@@@ (found by BaseClassDescriptor displacement, not by raw offset) unique in both images; COL/TD chain verified (sig=1, pSelf); L1-anchored slots consistent 1/1; LAYOUT CHANGE: 1.7.104 adds base(s) ['.?AV?$BSTEventSink@VBSSystemEvent@@@@'] to the class hierarchy (25 -> 26 bases); subobject offsets/sizeof may shift, vtable identity by base name is unaffected",pass
208056,vtable,ours,VTABLE_PlayerCharacter[8] MFO:MainThread.cpp:104 ; VTABLE_PlayerCharacter[8] APMF:core/Hook.cpp:101 ; VTABLE_PlayerCharacter[8] APMF:core/Hook.cpp:112,0x18AC598,0x192A298,EXACT,rtti:vtable,"exact RTTI class .?AVPlayerCharacter@@, base subobject .?AV?$BSTEventSink@VbhkCharacterMoveFinishEvent@@@@ (found by BaseClassDescriptor displacement, not by raw offset) unique in both images; COL/TD chain verified (sig=1, pSelf); L1-anchored slots consistent 2/2; LAYOUT CHANGE: 1.7.104 adds base(s) ['.?AV?$BSTEventSink@VBSSystemEvent@@@@'] to the class hierarchy (25 -> 26 bases); subobject offsets/sizeof may shift, vtable identity by base name is unaffected",pass
208058,vtable,ours,VTABLE_PlayerCharacter[9] MFO:MainThread.cpp:104 ; VTABLE_PlayerCharacter[9] APMF:core/Hook.cpp:101 ; VTABLE_PlayerCharacter[9] APMF:core/Hook.cpp:112,0x18AC5B0,0x192A2B0,EXACT,rtti:vtable,"exact RTTI class .?AVPlayerCharacter@@, base subobject .?AVIPostAnimationChannelUpdateFunctor@@ (found by BaseClassDescriptor displacement, not by raw offset) unique in both images; COL/TD chain verified (sig=1, pSelf); L1-anchored slots consistent 1/1; LAYOUT CHANGE: 1.7.104 adds base(s) ['.?AV?$BSTEventSink@VBSSystemEvent@@@@'] to the class hierarchy (25 -> 26 bases); subobject offsets/sizeof may shift, vtable identity by base name is unaffected",pass
208060,vtable,ours,VTABLE_PlayerCharacter[10] MFO:MainThread.cpp:104 ; VTABLE_PlayerCharacter[10] APMF:core/Hook.cpp:101 ; VTABLE_PlayerCharacter[10] APMF:core/Hook.cpp:112,0x18AC5C8,0x192A2C8,EXACT,rtti:vtable,"exact RTTI class .?AVPlayerCharacter@@, base subobject .?AV?$BSTEventSink@VMenuOpenCloseEvent@@@@ (found by BaseClassDescriptor displacement, not by raw offset) unique in both images; COL/TD chain verified (sig=1, pSelf); L1-anchored slots consistent 1/1; LAYOUT CHANGE: 1.7.104 adds base(s) ['.?AV?$BSTEventSink@VBSSystemEvent@@@@'] to the class hierarchy (25 -> 26 bases); subobject offsets/sizeof may shift, vtable identity by base name is unaffected",pass
208062,vtable,ours,VTABLE_PlayerCharacter[11] MFO:MainThread.cpp:104 ; VTABLE_PlayerCharacter[11] APMF:core/Hook.cpp:101 ; VTABLE_PlayerCharacter[11] APMF:core/Hook.cpp:112,0x18AC5E0,0x192A2E0,EXACT,rtti:vtable,"exact RTTI class .?AVPlayerCharacter@@, base subobject .?AV?$BSTEventSink@VMenuModeChangeEvent@@@@ (found by BaseClassDescriptor displacement, not by raw offset) unique in both images; COL/TD chain verified (sig=1, pSelf); L1-anchored slots consistent 2/2; LAYOUT CHANGE: 1.7.104 adds base(s) ['.?AV?$BSTEventSink@VBSSystemEvent@@@@'] to the class hierarchy (25 -> 26 bases); subobject offsets/sizeof may shift, vtable identity by base name is unaffected",pass
208064,vtable,ours,VTABLE_PlayerCharacter[12] MFO:MainThread.cpp:104 ; VTABLE_PlayerCharacter[12] APMF:core/Hook.cpp:101 ; VTABLE_PlayerCharacter[12] APMF:core/Hook.cpp:112,0x18AC5F8,0x192A2F8,EXACT,rtti:vtable,"exact RTTI class .?AVPlayerCharacter@@, base subobject .?AV?$BSTEventSink@VUserEventEnabledEvent@@@@ (found by BaseClassDescriptor displacement, not by raw offset) unique in both images; COL/TD chain verified (sig=1, pSelf); L1-anchored slots consistent 1/1; LAYOUT CHANGE: 1.7.104 adds base(s) ['.?AV?$BSTEventSink@VBSSystemEvent@@@@'] to the class hierarchy (25 -> 26 bases); subobject offsets/sizeof may shift, vtable identity by base name is unaffected",pass
208066,vtable,ours,VTABLE_PlayerCharacter[13] MFO:MainThread.cpp:104 ; VTABLE_PlayerCharacter[13] APMF:core/Hook.cpp:101 ; VTABLE_PlayerCharacter[13] APMF:core/Hook.cpp:112,0x18AC610,0x192A310,EXACT,rtti:vtable,"exact RTTI class .?AVPlayerCharacter@@, base subobject .?AV?$BSTEventSink@UTESTrackedStatsEvent@@@@ (found by BaseClassDescriptor displacement, not by raw offset) unique in both images; COL/TD chain verified (sig=1, pSelf); L1-anchored slots consistent 1/1; LAYOUT CHANGE: 1.7.104 adds base(s) ['.?AV?$BSTEventSink@VBSSystemEvent@@@@'] to the class hierarchy (25 -> 26 bases); subobject offsets/sizeof may shift, vtable identity by base name is unaffected",pass
211706,vtable,ours,VTABLE_CombatInventoryItemMagicT_CombatInventoryItemMagic_CombatMagicCasterOffensive_[0] MFO:CombatStyle.cpp:387 ; VTABLE_CombatInventoryItemMagicT_CombatInventoryItemMagic_CombatMagicCasterOffensive_[0] APMF:core/EquipGate.cpp:676 ; VTABLE_CombatInventoryItemMagicT_CombatInventoryItemMagic_CombatMagicCasterOffensive_[0] APMF:core/AiCastSeats.cpp:1304,0x18D0FF0,0x194F838,EXACT,rtti:vtable,"exact RTTI class .?AV?$CombatInventoryItemMagicT@VCombatInventoryItemMagic@@VCombatMagicCasterOffensive@@@@, base subobject (primary) (found by BaseClassDescriptor displacement, not by raw offset) unique in both images; COL/TD chain verified (sig=1, pSelf); L1-anchored slots consistent 8/8; class hierarchy identical (5 bases)",pass
211612,vtable,ours,VTABLE_CombatInventoryItemMagicT_CombatInventoryItemMagic_CombatMagicCasterRestore_[0] MFO:CombatStyle.cpp:388 ; VTABLE_CombatInventoryItemMagicT_CombatInventoryItemMagic_CombatMagicCasterRestore_[0] APMF:core/EquipGate.cpp:677 ; VTABLE_CombatInventoryItemMagicT_CombatInventoryItemMagic_CombatMagicCasterRestore_[0] APMF:core/EquipGate.cpp:720 ; VTABLE_CombatInventoryItemMagicT_CombatInventoryItemM,0x18D0570,0x194EDB8,EXACT,rtti:vtable,"exact RTTI class .?AV?$CombatInventoryItemMagicT@VCombatInventoryItemMagic@@VCombatMagicCasterRestore@@@@, base subobject (primary) (found by BaseClassDescriptor displacement, not by raw offset) unique in both images; COL/TD chain verified (sig=1, pSelf); L1-anchored slots consistent 8/8; class hierarchy identical (5 bases)",pass
211658,vtable,ours,VTABLE_CombatInventoryItemMagicT_CombatInventoryItemMagic_CombatMagicCasterWard_[0] MFO:CombatStyle.cpp:389 ; VTABLE_CombatInventoryItemMagicT_CombatInventoryItemMagic_CombatMagicCasterWard_[0] APMF:core/EquipGate.cpp:678 ; VTABLE_CombatInventoryItemMagicT_CombatInventoryItemMagic_CombatMagicCasterWard_[0] APMF:core/AiCastSeats.cpp:1306,0x18D0AB0,0x194F2F8,EXACT,rtti:vtable,"exact RTTI class .?AV?$CombatInventoryItemMagicT@VCombatInventoryItemMagic@@VCombatMagicCasterWard@@@@, base subobject (primary) (found by BaseClassDescriptor displacement, not by raw offset) unique in both images; COL/TD chain verified (sig=1, pSelf); L1-anchored slots consistent 8/8; class hierarchy identical (5 bases)",pass
211568,vtable,ours,VTABLE_CombatInventoryItemMagicT_CombatInventoryItemMagic_CombatMagicCasterSummon_[0] MFO:CombatStyle.cpp:390 ; VTABLE_CombatInventoryItemMagicT_CombatInventoryItemMagic_CombatMagicCasterSummon_[0] APMF:core/EquipGate.cpp:679 ; VTABLE_CombatInventoryItemMagicT_CombatInventoryItemMagic_CombatMagicCasterSummon_[0] APMF:core/AiCastSeats.cpp:1307,0x18D0010,0x194E858,EXACT,rtti:vtable,"exact RTTI class .?AV?$CombatInventoryItemMagicT@VCombatInventoryItemMagic@@VCombatMagicCasterSummon@@@@, base subobject (primary) (found by BaseClassDescriptor displacement, not by raw offset) unique in both images; COL/TD chain verified (sig=1, pSelf); L1-anchored slots consistent 8/8; class hierarchy identical (5 bases)",pass
211524,vtable,ours,VTABLE_CombatInventoryItemMagicT_CombatInventoryItemMagic_CombatMagicCasterStagger_[0] MFO:CombatStyle.cpp:391 ; VTABLE_CombatInventoryItemMagicT_CombatInventoryItemMagic_CombatMagicCasterStagger_[0] APMF:core/EquipGate.cpp:680 ; VTABLE_CombatInventoryItemMagicT_CombatInventoryItemMagic_CombatMagicCasterStagger_[0] APMF:core/AiCastSeats.cpp:1308,0x18CFAF0,0x194E338,EXACT,rtti:vtable,"exact RTTI class .?AV?$CombatInventoryItemMagicT@VCombatInventoryItemMagic@@VCombatMagicCasterStagger@@@@, base subobject (primary) (found by BaseClassDescriptor displacement, not by raw offset) unique in both images; COL/TD chain verified (sig=1, pSelf); L1-anchored slots consistent 8/8; class hierarchy identical (5 bases)",pass
211480,vtable,ours,VTABLE_CombatInventoryItemMagicT_CombatInventoryItemMagic_CombatMagicCasterDisarm_[0] MFO:CombatStyle.cpp:392 ; VTABLE_CombatInventoryItemMagicT_CombatInventoryItemMagic_CombatMagicCasterDisarm_[0] APMF:core/EquipGate.cpp:681 ; VTABLE_CombatInventoryItemMagicT_CombatInventoryItemMagic_CombatMagicCasterDisarm_[0] APMF:core/AiCastSeats.cpp:1309,0x18CF590,0x194DDD8,EXACT,rtti:vtable,"exact RTTI class .?AV?$CombatInventoryItemMagicT@VCombatInventoryItemMagic@@VCombatMagicCasterDisarm@@@@, base subobject (primary) (found by BaseClassDescriptor displacement, not by raw offset) unique in both images; COL/TD chain verified (sig=1, pSelf); L1-anchored slots consistent 8/8; class hierarchy identical (5 bases)",pass
211436,vtable,ours,VTABLE_CombatInventoryItemMagicT_CombatInventoryItemMagic_CombatMagicCasterCloak_[0] MFO:CombatStyle.cpp:393 ; VTABLE_CombatInventoryItemMagicT_CombatInventoryItemMagic_CombatMagicCasterCloak_[0] APMF:core/EquipGate.cpp:682 ; VTABLE_CombatInventoryItemMagicT_CombatInventoryItemMagic_CombatMagicCasterCloak_[0] APMF:core/AiCastSeats.cpp:1310,0x18CF070,0x194D8B8,EXACT,rtti:vtable,"exact RTTI class .?AV?$CombatInventoryItemMagicT@VCombatInventoryItemMagic@@VCombatMagicCasterCloak@@@@, base subobject (primary) (found by BaseClassDescriptor displacement, not by raw offset) unique in both images; COL/TD chain verified (sig=1, pSelf); L1-anchored slots consistent 8/8; class hierarchy identical (5 bases)",pass
211390,vtable,ours,VTABLE_CombatInventoryItemMagicT_CombatInventoryItemMagic_CombatMagicCasterLight_[0] MFO:CombatStyle.cpp:394 ; VTABLE_CombatInventoryItemMagicT_CombatInventoryItemMagic_CombatMagicCasterLight_[0] APMF:core/EquipGate.cpp:683 ; VTABLE_CombatInventoryItemMagicT_CombatInventoryItemMagic_CombatMagicCasterLight_[0] APMF:core/AiCastSeats.cpp:1311,0x18CEB30,0x194D378,EXACT,rtti:vtable,"exact RTTI class .?AV?$CombatInventoryItemMagicT@VCombatInventoryItemMagic@@VCombatMagicCasterLight@@@@, base subobject (primary) (found by BaseClassDescriptor displacement, not by raw offset) unique in both images; COL/TD chain verified (sig=1, pSelf); L1-anchored slots consistent 8/8; class hierarchy identical (5 bases)",pass
211346,vtable,ours,VTABLE_CombatInventoryItemMagicT_CombatInventoryItemMagic_CombatMagicCasterInvisibility_[0] MFO:CombatStyle.cpp:395 ; VTABLE_CombatInventoryItemMagicT_CombatInventoryItemMagic_CombatMagicCasterInvisibility_[0] APMF:core/EquipGate.cpp:684 ; VTABLE_CombatInventoryItemMagicT_CombatInventoryItemMagic_CombatMagicCasterInvisibility_[0] APMF:core/AiCastSeats.cpp:1312,0x18CE5D0,0x194CE18,EXACT,rtti:vtable,"exact RTTI class .?AV?$CombatInventoryItemMagicT@VCombatInventoryItemMagic@@VCombatMagicCasterInvisibility@@@@, base subobject (primary) (found by BaseClassDescriptor displacement, not by raw offset) unique in both images; COL/TD chain verified (sig=1, pSelf); L1-anchored slots consistent 8/8; class hierarchy identical (5 bases)",pass
211302,vtable,ours,VTABLE_CombatInventoryItemMagicT_CombatInventoryItemMagic_CombatMagicCasterBoundItem_[0] MFO:CombatStyle.cpp:396 ; VTABLE_CombatInventoryItemMagicT_CombatInventoryItemMagic_CombatMagicCasterBoundItem_[0] APMF:core/EquipGate.cpp:685 ; VTABLE_CombatInventoryItemMagicT_CombatInventoryItemMagic_CombatMagicCasterBoundItem_[0] APMF:core/AiCastSeats.cpp:1313,0x18CE070,0x194C890,EXACT,rtti:vtable,"exact RTTI class .?AV?$CombatInventoryItemMagicT@VCombatInventoryItemMagic@@VCombatMagicCasterBoundItem@@@@, base subobject (primary) (found by BaseClassDescriptor displacement, not by raw offset) unique in both images; COL/TD chain verified (sig=1, pSelf); L1-anchored slots consistent 8/8; class hierarchy identical (5 bases)",pass
211204,vtable,ours,VTABLE_CombatInventoryItemMagicT_CombatInventoryItemMagic_CombatMagicCasterTargetEffect_[0] MFO:CombatStyle.cpp:397 ; VTABLE_CombatInventoryItemMagicT_CombatInventoryItemMagic_CombatMagicCasterTargetEffect_[0] APMF:core/EquipGate.cpp:686 ; VTABLE_CombatInventoryItemMagicT_CombatInventoryItemMagic_CombatMagicCasterTargetEffect_[0] APMF:core/AiCastSeats.cpp:1314,0x18CD410,0x194BC30,EXACT,rtti:vtable,"exact RTTI class .?AV?$CombatInventoryItemMagicT@VCombatInventoryItemMagic@@VCombatMagicCasterTargetEffect@@@@, base subobject (primary) (found by BaseClassDescriptor displacement, not by raw offset) unique in both images; COL/TD chain verified (sig=1, pSelf); L1-anchored slots consistent 8/8; class hierarchy identical (5 bases)",pass
211092,vtable,ours,VTABLE_CombatInventoryItemMagicT_CombatInventoryItemMagic_CombatMagicCasterParalyze_[0] MFO:CombatStyle.cpp:398 ; VTABLE_CombatInventoryItemMagicT_CombatInventoryItemMagic_CombatMagicCasterParalyze_[0] APMF:core/EquipGate.cpp:687 ; VTABLE_CombatInventoryItemMagicT_CombatInventoryItemMagic_CombatMagicCasterParalyze_[0] APMF:core/AiCastSeats.cpp:1315,0x18CC518,0x194AD38,EXACT,rtti:vtable,"exact RTTI class .?AV?$CombatInventoryItemMagicT@VCombatInventoryItemMagic@@VCombatMagicCasterParalyze@@@@, base subobject (primary) (found by BaseClassDescriptor displacement, not by raw offset) unique in both images; COL/TD chain verified (sig=1, pSelf); L1-anchored slots consistent 8/8; class hierarchy identical (5 bases)",pass
211050,vtable,ours,VTABLE_CombatInventoryItemMagicT_CombatInventoryItemMagic_CombatMagicCasterScript_[0] MFO:CombatStyle.cpp:399 ; VTABLE_CombatInventoryItemMagicT_CombatInventoryItemMagic_CombatMagicCasterScript_[0] APMF:core/EquipGate.cpp:688 ; VTABLE_CombatInventoryItemMagicT_CombatInventoryItemMagic_CombatMagicCasterScript_[0] APMF:core/AiCastSeats.cpp:1316,0x18CBF80,0x194A7A0,EXACT,rtti:vtable,"exact RTTI class .?AV?$CombatInventoryItemMagicT@VCombatInventoryItemMagic@@VCombatMagicCasterScript@@@@, base subobject (primary) (found by BaseClassDescriptor displacement, not by raw offset) unique in both images; COL/TD chain verified (sig=1, pSelf); L1-anchored slots consistent 8/8; class hierarchy identical (5 bases)",pass
211148,vtable,ours,VTABLE_CombatInventoryItemMagicT_CombatInventoryItemMagic_CombatMagicCasterReanimate_[0] MFO:CombatStyle.cpp:400 ; VTABLE_CombatInventoryItemMagicT_CombatInventoryItemMagic_CombatMagicCasterReanimate_[0] APMF:core/EquipGate.cpp:689 ; VTABLE_CombatInventoryItemMagicT_CombatInventoryItemMagic_CombatMagicCasterReanimate_[0] APMF:core/AiCastSeats.cpp:1317,0x18CCC78,0x194B498,EXACT,rtti:vtable,"exact RTTI class .?AV?$CombatInventoryItemMagicT@VCombatInventoryItemMagic@@VCombatMagicCasterReanimate@@@@, base subobject (primary) (found by BaseClassDescriptor displacement, not by raw offset) unique in both images; COL/TD chain verified (sig=1, pSelf); L1-anchored slots consistent 8/8; class hierarchy identical (5 bases)",pass
211254,vtable,ours,VTABLE_CombatInventoryItemMagicT_CombatInventoryItemMagic_CombatMagicCasterArmor_[0] MFO:CombatStyle.cpp:401 ; VTABLE_CombatInventoryItemMagicT_CombatInventoryItemMagic_CombatMagicCasterArmor_[0] APMF:core/EquipGate.cpp:690 ; VTABLE_CombatInventoryItemMagicT_CombatInventoryItemMagic_CombatMagicCasterArmor_[0] APMF:core/AiCastSeats.cpp:1318,0x18CDA98,0x194C2B8,EXACT,rtti:vtable,"exact RTTI class .?AV?$CombatInventoryItemMagicT@VCombatInventoryItemMagic@@VCombatMagicCasterArmor@@@@, base subobject (primary) (found by BaseClassDescriptor displacement, not by raw offset) unique in both images; COL/TD chain verified (sig=1, pSelf); L1-anchored slots consistent 8/8; class hierarchy identical (5 bases)",pass
211688,vtable,ours,VTABLE_CombatInventoryItemMagicT_CombatInventoryItemStaff_CombatMagicCasterOffensive_[0] MFO:CombatStyle.cpp:404 ; VTABLE_CombatInventoryItemMagicT_CombatInventoryItemStaff_CombatMagicCasterOffensive_[0] APMF:core/EquipGate.cpp:693 ; VTABLE_CombatInventoryItemMagicT_CombatInventoryItemStaff_CombatMagicCasterOffensive_[0] APMF:core/AiCastSeats.cpp:1319,0x18D0DF0,0x194F638,EXACT,rtti:vtable,"exact RTTI class .?AV?$CombatInventoryItemMagicT@VCombatInventoryItemStaff@@VCombatMagicCasterOffensive@@@@, base subobject (primary) (found by BaseClassDescriptor displacement, not by raw offset) unique in both images; COL/TD chain verified (sig=1, pSelf); L1-anchored slots consistent 8/8; class hierarchy identical (6 bases)",pass
211608,vtable,ours,VTABLE_CombatInventoryItemMagicT_CombatInventoryItemStaff_CombatMagicCasterRestore_[0] MFO:CombatStyle.cpp:405 ; VTABLE_CombatInventoryItemMagicT_CombatInventoryItemStaff_CombatMagicCasterRestore_[0] APMF:core/EquipGate.cpp:694 ; VTABLE_CombatInventoryItemMagicT_CombatInventoryItemStaff_CombatMagicCasterRestore_[0] APMF:core/EquipGate.cpp:721 ; VTABLE_CombatInventoryItemMagicT_CombatInventoryItemS,0x18D03F0,0x194EC38,EXACT,rtti:vtable,"exact RTTI class .?AV?$CombatInventoryItemMagicT@VCombatInventoryItemStaff@@VCombatMagicCasterRestore@@@@, base subobject (primary) (found by BaseClassDescriptor displacement, not by raw offset) unique in both images; COL/TD chain verified (sig=1, pSelf); L1-anchored slots consistent 8/8; class hierarchy identical (6 bases)",pass
211642,vtable,ours,VTABLE_CombatInventoryItemMagicT_CombatInventoryItemStaff_CombatMagicCasterWard_[0] MFO:CombatStyle.cpp:406 ; VTABLE_CombatInventoryItemMagicT_CombatInventoryItemStaff_CombatMagicCasterWard_[0] APMF:core/EquipGate.cpp:695 ; VTABLE_CombatInventoryItemMagicT_CombatInventoryItemStaff_CombatMagicCasterWard_[0] APMF:core/AiCastSeats.cpp:1321,0x18D08B0,0x194F0F8,EXACT,rtti:vtable,"exact RTTI class .?AV?$CombatInventoryItemMagicT@VCombatInventoryItemStaff@@VCombatMagicCasterWard@@@@, base subobject (primary) (found by BaseClassDescriptor displacement, not by raw offset) unique in both images; COL/TD chain verified (sig=1, pSelf); L1-anchored slots consistent 8/8; class hierarchy identical (6 bases)",pass
211552,vtable,ours,VTABLE_CombatInventoryItemMagicT_CombatInventoryItemStaff_CombatMagicCasterSummon_[0] MFO:CombatStyle.cpp:407 ; VTABLE_CombatInventoryItemMagicT_CombatInventoryItemStaff_CombatMagicCasterSummon_[0] APMF:core/EquipGate.cpp:696 ; VTABLE_CombatInventoryItemMagicT_CombatInventoryItemStaff_CombatMagicCasterSummon_[0] APMF:core/AiCastSeats.cpp:1322,0x18CFE10,0x194E658,EXACT,rtti:vtable,"exact RTTI class .?AV?$CombatInventoryItemMagicT@VCombatInventoryItemStaff@@VCombatMagicCasterSummon@@@@, base subobject (primary) (found by BaseClassDescriptor displacement, not by raw offset) unique in both images; COL/TD chain verified (sig=1, pSelf); L1-anchored slots consistent 8/8; class hierarchy identical (6 bases)",pass
211508,vtable,ours,VTABLE_CombatInventoryItemMagicT_CombatInventoryItemStaff_CombatMagicCasterStagger_[0] MFO:CombatStyle.cpp:408 ; VTABLE_CombatInventoryItemMagicT_CombatInventoryItemStaff_CombatMagicCasterStagger_[0] APMF:core/EquipGate.cpp:697 ; VTABLE_CombatInventoryItemMagicT_CombatInventoryItemStaff_CombatMagicCasterStagger_[0] APMF:core/AiCastSeats.cpp:1323,0x18CF8F0,0x194E138,EXACT,rtti:vtable,"exact RTTI class .?AV?$CombatInventoryItemMagicT@VCombatInventoryItemStaff@@VCombatMagicCasterStagger@@@@, base subobject (primary) (found by BaseClassDescriptor displacement, not by raw offset) unique in both images; COL/TD chain verified (sig=1, pSelf); L1-anchored slots consistent 8/8; class hierarchy identical (6 bases)",pass
211464,vtable,ours,VTABLE_CombatInventoryItemMagicT_CombatInventoryItemStaff_CombatMagicCasterDisarm_[0] MFO:CombatStyle.cpp:409 ; VTABLE_CombatInventoryItemMagicT_CombatInventoryItemStaff_CombatMagicCasterDisarm_[0] APMF:core/EquipGate.cpp:698 ; VTABLE_CombatInventoryItemMagicT_CombatInventoryItemStaff_CombatMagicCasterDisarm_[0] APMF:core/AiCastSeats.cpp:1324,0x18CF390,0x194DBD8,EXACT,rtti:vtable,"exact RTTI class .?AV?$CombatInventoryItemMagicT@VCombatInventoryItemStaff@@VCombatMagicCasterDisarm@@@@, base subobject (primary) (found by BaseClassDescriptor displacement, not by raw offset) unique in both images; COL/TD chain verified (sig=1, pSelf); L1-anchored slots consistent 8/8; class hierarchy identical (6 bases)",pass
211420,vtable,ours,VTABLE_CombatInventoryItemMagicT_CombatInventoryItemStaff_CombatMagicCasterCloak_[0] MFO:CombatStyle.cpp:410 ; VTABLE_CombatInventoryItemMagicT_CombatInventoryItemStaff_CombatMagicCasterCloak_[0] APMF:core/EquipGate.cpp:699 ; VTABLE_CombatInventoryItemMagicT_CombatInventoryItemStaff_CombatMagicCasterCloak_[0] APMF:core/AiCastSeats.cpp:1325,0x18CEE70,0x194D6B8,EXACT,rtti:vtable,"exact RTTI class .?AV?$CombatInventoryItemMagicT@VCombatInventoryItemStaff@@VCombatMagicCasterCloak@@@@, base subobject (primary) (found by BaseClassDescriptor displacement, not by raw offset) unique in both images; COL/TD chain verified (sig=1, pSelf); L1-anchored slots consistent 8/8; class hierarchy identical (6 bases)",pass
211380,vtable,ours,VTABLE_CombatInventoryItemMagicT_CombatInventoryItemStaff_CombatMagicCasterLight_[0] MFO:CombatStyle.cpp:411 ; VTABLE_CombatInventoryItemMagicT_CombatInventoryItemStaff_CombatMagicCasterLight_[0] APMF:core/EquipGate.cpp:700 ; VTABLE_CombatInventoryItemMagicT_CombatInventoryItemStaff_CombatMagicCasterLight_[0] APMF:core/AiCastSeats.cpp:1326,0x18CE950,0x194D198,EXACT,rtti:vtable,"exact RTTI class .?AV?$CombatInventoryItemMagicT@VCombatInventoryItemStaff@@VCombatMagicCasterLight@@@@, base subobject (primary) (found by BaseClassDescriptor displacement, not by raw offset) unique in both images; COL/TD chain verified (sig=1, pSelf); L1-anchored slots consistent 8/8; class hierarchy identical (6 bases)",pass
211330,vtable,ours,VTABLE_CombatInventoryItemMagicT_CombatInventoryItemStaff_CombatMagicCasterInvisibility_[0] MFO:CombatStyle.cpp:412 ; VTABLE_CombatInventoryItemMagicT_CombatInventoryItemStaff_CombatMagicCasterInvisibility_[0] APMF:core/EquipGate.cpp:701 ; VTABLE_CombatInventoryItemMagicT_CombatInventoryItemStaff_CombatMagicCasterInvisibility_[0] APMF:core/AiCastSeats.cpp:1327,0x18CE390,0x194CBB0,EXACT,rtti:vtable,"exact RTTI class .?AV?$CombatInventoryItemMagicT@VCombatInventoryItemStaff@@VCombatMagicCasterInvisibility@@@@, base subobject (primary) (found by BaseClassDescriptor displacement, not by raw offset) unique in both images; COL/TD chain verified (sig=1, pSelf); L1-anchored slots consistent 8/8; class hierarchy identical (6 bases)",pass
211284,vtable,ours,VTABLE_CombatInventoryItemMagicT_CombatInventoryItemStaff_CombatMagicCasterBoundItem_[0] MFO:CombatStyle.cpp:413 ; VTABLE_CombatInventoryItemMagicT_CombatInventoryItemStaff_CombatMagicCasterBoundItem_[0] APMF:core/EquipGate.cpp:702 ; VTABLE_CombatInventoryItemMagicT_CombatInventoryItemStaff_CombatMagicCasterBoundItem_[0] APMF:core/AiCastSeats.cpp:1328,0x18CDE50,0x194C670,EXACT,rtti:vtable,"exact RTTI class .?AV?$CombatInventoryItemMagicT@VCombatInventoryItemStaff@@VCombatMagicCasterBoundItem@@@@, base subobject (primary) (found by BaseClassDescriptor displacement, not by raw offset) unique in both images; COL/TD chain verified (sig=1, pSelf); L1-anchored slots consistent 8/8; class hierarchy identical (6 bases)",pass
211182,vtable,ours,VTABLE_CombatInventoryItemMagicT_CombatInventoryItemStaff_CombatMagicCasterTargetEffect_[0] MFO:CombatStyle.cpp:414 ; VTABLE_CombatInventoryItemMagicT_CombatInventoryItemStaff_CombatMagicCasterTargetEffect_[0] APMF:core/EquipGate.cpp:703 ; VTABLE_CombatInventoryItemMagicT_CombatInventoryItemStaff_CombatMagicCasterTargetEffect_[0] APMF:core/AiCastSeats.cpp:1329,0x18CD100,0x194B920,EXACT,rtti:vtable,"exact RTTI class .?AV?$CombatInventoryItemMagicT@VCombatInventoryItemStaff@@VCombatMagicCasterTargetEffect@@@@, base subobject (primary) (found by BaseClassDescriptor displacement, not by raw offset) unique in both images; COL/TD chain verified (sig=1, pSelf); L1-anchored slots consistent 8/8; class hierarchy identical (6 bases)",pass
211076,vtable,ours,VTABLE_CombatInventoryItemMagicT_CombatInventoryItemStaff_CombatMagicCasterParalyze_[0] MFO:CombatStyle.cpp:415 ; VTABLE_CombatInventoryItemMagicT_CombatInventoryItemStaff_CombatMagicCasterParalyze_[0] APMF:core/EquipGate.cpp:704 ; VTABLE_CombatInventoryItemMagicT_CombatInventoryItemStaff_CombatMagicCasterParalyze_[0] APMF:core/AiCastSeats.cpp:1330,0x18CC2A0,0x194AAC0,EXACT,rtti:vtable,"exact RTTI class .?AV?$CombatInventoryItemMagicT@VCombatInventoryItemStaff@@VCombatMagicCasterParalyze@@@@, base subobject (primary) (found by BaseClassDescriptor displacement, not by raw offset) unique in both images; COL/TD chain verified (sig=1, pSelf); L1-anchored slots consistent 8/8; class hierarchy identical (6 bases)",pass
211034,vtable,ours,VTABLE_CombatInventoryItemMagicT_CombatInventoryItemStaff_CombatMagicCasterScript_[0] MFO:CombatStyle.cpp:416 ; VTABLE_CombatInventoryItemMagicT_CombatInventoryItemStaff_CombatMagicCasterScript_[0] APMF:core/EquipGate.cpp:705 ; VTABLE_CombatInventoryItemMagicT_CombatInventoryItemStaff_CombatMagicCasterScript_[0] APMF:core/AiCastSeats.cpp:1331,0x18CBD80,0x194A5A0,EXACT,rtti:vtable,"exact RTTI class .?AV?$CombatInventoryItemMagicT@VCombatInventoryItemStaff@@VCombatMagicCasterScript@@@@, base subobject (primary) (found by BaseClassDescriptor displacement, not by raw offset) unique in both images; COL/TD chain verified (sig=1, pSelf); L1-anchored slots consistent 8/8; class hierarchy identical (6 bases)",pass
211128,vtable,ours,VTABLE_CombatInventoryItemMagicT_CombatInventoryItemStaff_CombatMagicCasterReanimate_[0] MFO:CombatStyle.cpp:417 ; VTABLE_CombatInventoryItemMagicT_CombatInventoryItemStaff_CombatMagicCasterReanimate_[0] APMF:core/EquipGate.cpp:706 ; VTABLE_CombatInventoryItemMagicT_CombatInventoryItemStaff_CombatMagicCasterReanimate_[0] APMF:core/AiCastSeats.cpp:1332,0x18CC948,0x194B168,EXACT,rtti:vtable,"exact RTTI class .?AV?$CombatInventoryItemMagicT@VCombatInventoryItemStaff@@VCombatMagicCasterReanimate@@@@, base subobject (primary) (found by BaseClassDescriptor displacement, not by raw offset) unique in both images; COL/TD chain verified (sig=1, pSelf); L1-anchored slots consistent 8/8; class hierarchy identical (6 bases)",pass
211234,vtable,ours,VTABLE_CombatInventoryItemMagicT_CombatInventoryItemStaff_CombatMagicCasterArmor_[0] MFO:CombatStyle.cpp:418 ; VTABLE_CombatInventoryItemMagicT_CombatInventoryItemStaff_CombatMagicCasterArmor_[0] APMF:core/EquipGate.cpp:707 ; VTABLE_CombatInventoryItemMagicT_CombatInventoryItemStaff_CombatMagicCasterArmor_[0] APMF:core/AiCastSeats.cpp:1333,0x18CD800,0x194C020,EXACT,rtti:vtable,"exact RTTI class .?AV?$CombatInventoryItemMagicT@VCombatInventoryItemStaff@@VCombatMagicCasterArmor@@@@, base subobject (primary) (found by BaseClassDescriptor displacement, not by raw offset) unique in both images; COL/TD chain verified (sig=1, pSelf); L1-anchored slots consistent 8/8; class hierarchy identical (6 bases)",pass
205828,vtable,ours,VTABLE_ActorMagicCaster[0] MFO:CasterConsent.cpp:1071 ; VTABLE_ActorMagicCaster[0] APMF:core/CastGate.cpp:263,0x187B8B0,0x18F6150,EXACT,rtti:vtable,"exact RTTI class .?AVActorMagicCaster@@, base subobject (primary) (found by BaseClassDescriptor displacement, not by raw offset) unique in both images; COL/TD chain verified (sig=1, pSelf); L1-anchored slots consistent 17/17; class hierarchy identical (5 bases)",pass
205830,vtable,ours,VTABLE_ActorMagicCaster[1] MFO:CasterConsent.cpp:1071 ; VTABLE_ActorMagicCaster[1] APMF:core/CastGate.cpp:263,0x187B9A8,0x18F6248,EXACT,rtti:vtable,"exact RTTI class .?AVActorMagicCaster@@, base subobject .?AVSimpleAnimationGraphManagerHolder@@ (found by BaseClassDescriptor displacement, not by raw offset) unique in both images; COL/TD chain verified (sig=1, pSelf); L1-anchored slots consistent 8/8; class hierarchy identical (5 bases)",pass
205832,vtable,ours,VTABLE_ActorMagicCaster[2] MFO:CasterConsent.cpp:1071 ; VTABLE_ActorMagicCaster[2] APMF:core/CastGate.cpp:263,0x187BA50,0x18F62F0,EXACT,rtti:vtable,"exact RTTI class .?AVActorMagicCaster@@, base subobject .?AV?$BSTEventSink@UBSAnimationGraphEvent@@@@ (found by BaseClassDescriptor displacement, not by raw offset) unique in both images; COL/TD chain verified (sig=1, pSelf); L1-anchored slots consistent 2/2; class hierarchy identical (5 bases)",pass
211104,vtable,ours,VTABLE_CombatMagicCasterOffensive[0] MFO:CasterConsent.cpp:1110 ; VTABLE_CombatMagicCasterOffensive[0] APMF:core/CastSeats.cpp:539 ; VTABLE_CombatMagicCasterOffensive[0] APMF:core/AiCastSeats.cpp:1365 ; VTABLE_CombatMagicCasterOffensive[0] APMF:core/CasterTypeCensus.cpp:89,0x18CC4A0,0x194ACC0,EXACT,rtti:vtable,"exact RTTI class .?AVCombatMagicCasterOffensive@@, base subobject (primary) (found by BaseClassDescriptor displacement, not by raw offset) unique in both images; COL/TD chain verified (sig=1, pSelf); L1-anchored slots consistent 9/9; class hierarchy identical (4 bases)",pass
211142,vtable,ours,VTABLE_CombatMagicCasterRestore[0] MFO:CasterConsent.cpp:1110 ; VTABLE_CombatMagicCasterRestore[0] APMF:core/CastSeats.cpp:538 ; VTABLE_CombatMagicCasterRestore[0] APMF:core/CastSeats.cpp:545 ; VTABLE_CombatMagicCasterRestore[0] APMF:core/AiCastSeats.cpp:1365 ; VTABLE_CombatMagicCasterRestore[0] APMF:core/CasterTypeCensus.cpp:89,0x18CC890,0x194B0B0,EXACT,rtti:vtable,"exact RTTI class .?AVCombatMagicCasterRestore@@, base subobject (primary) (found by BaseClassDescriptor displacement, not by raw offset) unique in both images; COL/TD chain verified (sig=1, pSelf); L1-anchored slots consistent 8/8; class hierarchy identical (4 bases)",pass
211118,vtable,ours,VTABLE_CombatMagicCasterWard[0] MFO:CasterConsent.cpp:1111 ; VTABLE_CombatMagicCasterWard[0] APMF:core/AiCastSeats.cpp:1366 ; VTABLE_CombatMagicCasterWard[0] APMF:core/CasterTypeCensus.cpp:90,0x18CC638,0x194AE58,EXACT,rtti:vtable,"exact RTTI class .?AVCombatMagicCasterWard@@, base subobject (primary) (found by BaseClassDescriptor displacement, not by raw offset) unique in both images; COL/TD chain verified (sig=1, pSelf); L1-anchored slots consistent 7/7; class hierarchy identical (4 bases)",pass
211146,vtable,ours,VTABLE_CombatMagicCasterSummon[0] MFO:CasterConsent.cpp:1111 ; VTABLE_CombatMagicCasterSummon[0] APMF:core/AiCastSeats.cpp:1366 ; VTABLE_CombatMagicCasterSummon[0] APMF:core/CasterTypeCensus.cpp:90,0x18CCA88,0x194B2A8,EXACT,rtti:vtable,"exact RTTI class .?AVCombatMagicCasterSummon@@, base subobject (primary) (found by BaseClassDescriptor displacement, not by raw offset) unique in both images; COL/TD chain verified (sig=1, pSelf); L1-anchored slots consistent 4/4; class hierarchy identical (4 bases)",pass
211154,vtable,ours,VTABLE_CombatMagicCasterStagger[0] MFO:CasterConsent.cpp:1112 ; VTABLE_CombatMagicCasterStagger[0] APMF:core/AiCastSeats.cpp:1367 ; VTABLE_CombatMagicCasterStagger[0] APMF:core/CasterTypeCensus.cpp:91,0x18CCC00,0x194B420,EXACT,rtti:vtable,"exact RTTI class .?AVCombatMagicCasterStagger@@, base subobject (primary) (found by BaseClassDescriptor displacement, not by raw offset) unique in both images; COL/TD chain verified (sig=1, pSelf); L1-anchored slots consistent 5/5; class hierarchy identical (4 bases)",pass
211166,vtable,ours,VTABLE_CombatMagicCasterDisarm[0] MFO:CasterConsent.cpp:1112 ; VTABLE_CombatMagicCasterDisarm[0] APMF:core/AiCastSeats.cpp:1367 ; VTABLE_CombatMagicCasterDisarm[0] APMF:core/CasterTypeCensus.cpp:91,0x18CCD38,0x194B558,EXACT,rtti:vtable,"exact RTTI class .?AVCombatMagicCasterDisarm@@, base subobject (primary) (found by BaseClassDescriptor displacement, not by raw offset) unique in both images; COL/TD chain verified (sig=1, pSelf); L1-anchored slots consistent 4/4; class hierarchy identical (4 bases)",pass
211176,vtable,ours,VTABLE_CombatMagicCasterCloak[0] MFO:CasterConsent.cpp:1113 ; VTABLE_CombatMagicCasterCloak[0] APMF:core/AiCastSeats.cpp:1368 ; VTABLE_CombatMagicCasterCloak[0] APMF:core/CasterTypeCensus.cpp:92,0x18CCED0,0x194B6F0,EXACT,rtti:vtable,"exact RTTI class .?AVCombatMagicCasterCloak@@, base subobject (primary) (found by BaseClassDescriptor displacement, not by raw offset) unique in both images; COL/TD chain verified (sig=1, pSelf); L1-anchored slots consistent 5/5; class hierarchy identical (4 bases)",pass
211186,vtable,ours,VTABLE_CombatMagicCasterLight[0] MFO:CasterConsent.cpp:1113 ; VTABLE_CombatMagicCasterLight[0] APMF:core/AiCastSeats.cpp:1368 ; VTABLE_CombatMagicCasterLight[0] APMF:core/CasterTypeCensus.cpp:92,0x18CD048,0x194B868,EXACT,rtti:vtable,"exact RTTI class .?AVCombatMagicCasterLight@@, base subobject (primary) (found by BaseClassDescriptor displacement, not by raw offset) unique in both images; COL/TD chain verified (sig=1, pSelf); L1-anchored slots consistent 3/3; class hierarchy identical (4 bases)",pass
211200,vtable,ours,VTABLE_CombatMagicCasterInvisibility[0] MFO:CasterConsent.cpp:1114 ; VTABLE_CombatMagicCasterInvisibility[0] APMF:core/AiCastSeats.cpp:1369 ; VTABLE_CombatMagicCasterInvisibility[0] APMF:core/CasterTypeCensus.cpp:93,0x18CD1E0,0x194BA00,EXACT,rtti:vtable,"exact RTTI class .?AVCombatMagicCasterInvisibility@@, base subobject (primary) (found by BaseClassDescriptor displacement, not by raw offset) unique in both images; COL/TD chain verified (sig=1, pSelf); L1-anchored slots consistent 3/3; class hierarchy identical (4 bases)",pass
211210,vtable,ours,VTABLE_CombatMagicCasterBoundItem[0] MFO:CasterConsent.cpp:1114 ; VTABLE_CombatMagicCasterBoundItem[0] APMF:core/AiCastSeats.cpp:1369 ; VTABLE_CombatMagicCasterBoundItem[0] APMF:core/CasterTypeCensus.cpp:93,0x18CD358,0x194BB78,EXACT,rtti:vtable,"exact RTTI class .?AVCombatMagicCasterBoundItem@@, base subobject (primary) (found by BaseClassDescriptor displacement, not by raw offset) unique in both images; COL/TD chain verified (sig=1, pSelf); L1-anchored slots consistent 4/4; class hierarchy identical (4 bases)",pass
211232,vtable,ours,VTABLE_CombatMagicCasterTargetEffect[0] MFO:CasterConsent.cpp:1115 ; VTABLE_CombatMagicCasterTargetEffect[0] APMF:core/AiCastSeats.cpp:1370 ; VTABLE_CombatMagicCasterTargetEffect[0] APMF:core/CasterTypeCensus.cpp:94,0x18CD668,0x194BE88,EXACT,rtti:vtable,"exact RTTI class .?AVCombatMagicCasterTargetEffect@@, base subobject (primary) (found by BaseClassDescriptor displacement, not by raw offset) unique in both images; COL/TD chain verified (sig=1, pSelf); L1-anchored slots consistent 4/4; class hierarchy identical (4 bases)",pass
211270,vtable,ours,VTABLE_CombatMagicCasterParalyze[0] MFO:CasterConsent.cpp:1116 ; VTABLE_CombatMagicCasterParalyze[0] APMF:core/AiCastSeats.cpp:1370 ; VTABLE_CombatMagicCasterParalyze[0] APMF:core/CasterTypeCensus.cpp:95,0x18CD9E0,0x194C200,EXACT,rtti:vtable,"exact RTTI class .?AVCombatMagicCasterParalyze@@, base subobject (primary) (found by BaseClassDescriptor displacement, not by raw offset) unique in both images; COL/TD chain verified (sig=1, pSelf); L1-anchored slots consistent 3/3; class hierarchy identical (4 bases)",pass
211276,vtable,ours,VTABLE_CombatMagicCasterScript[0] MFO:CasterConsent.cpp:1116 ; VTABLE_CombatMagicCasterScript[0] APMF:core/AiCastSeats.cpp:1371 ; VTABLE_CombatMagicCasterScript[0] APMF:core/CasterTypeCensus.cpp:95,0x18CDB78,0x194C398,EXACT,rtti:vtable,"exact RTTI class .?AVCombatMagicCasterScript@@, base subobject (primary) (found by BaseClassDescriptor displacement, not by raw offset) unique in both images; COL/TD chain verified (sig=1, pSelf); L1-anchored slots consistent 4/4; class hierarchy identical (4 bases)",pass
211973,vtable,ours,VTABLE_CombatMagicCasterReanimate[0] MFO:CasterConsent.cpp:1117 ; VTABLE_CombatMagicCasterReanimate[0] APMF:core/AiCastSeats.cpp:1371 ; VTABLE_CombatMagicCasterReanimate[0] APMF:core/CasterTypeCensus.cpp:96,0x18D5318,0x19538E0,EXACT,rtti:vtable,"exact RTTI class .?AVCombatMagicCasterReanimate@@, base subobject (primary) (found by BaseClassDescriptor displacement, not by raw offset) unique in both images; COL/TD chain verified (sig=1, pSelf); L1-anchored slots consistent 6/6; class hierarchy identical (4 bases)",pass
38561,id,cl+ours,"RelocationID(37608,38561) MFO:Probe.cpp:37 ; RelocationID(37608,38561) APMF:channels/CombatEntry.cpp:435 ; RelocationID(37608,38561) APMF:channels/CombatReentryDeny.cpp:481 ; APMF EquipSink kPathsAE StartCombat ; RelocationID(37608,38561) CL Actor::StartCombat [MFO] src/RE/A/Actor.cpp:1584 ; RelocationID(37608,38561) CL Actor::StartCombat [APMF] src/RE/A/Actor.cpp:1584",0x6B6930,0x6C93B0,UNIQUE-SIG,sig:L1-body,"masked-byte head region (1176 B, 912 fixed, 313 insn) hits exactly once in 1.7.104 .text (at 0x6C93B0) and exactly once in 1.6.1170 .text; callees 22/22 ordered; rev-callees 22/22; callers 6/6; identical-caller sites 6 agree; neighbour-delta hint +0 B (hint only)",pass
207886,vtable,ours,VTABLE_Character[0] MFO:Targeting.cpp:191 ; VTABLE_Character[0] APMF:core/NonAliasProbe.cpp:216 ; VTABLE_Character[0] APMF:core/Hook.cpp:100 ; VTABLE_Character[0] APMF:core/PackageGate.cpp:297 ; VTABLE_Character[0] APMF:channels/TargetPin.cpp:545 ; VTABLE_Character[0] APMF:channels/CombatReentryDeny.cpp:480,0x18A5558,0x1923258,EXACT,rtti:vtable,"exact RTTI class .?AVCharacter@@, base subobject (primary) (found by BaseClassDescriptor displacement, not by raw offset) unique in both images; COL/TD chain verified (sig=1, pSelf); L1-anchored slots consistent 133/133; class hierarchy identical (17 bases)",pass
207888,vtable,ours,VTABLE_Character[1] MFO:Targeting.cpp:191 ; VTABLE_Character[1] APMF:core/NonAliasProbe.cpp:216 ; VTABLE_Character[1] APMF:core/Hook.cpp:100 ; VTABLE_Character[1] APMF:core/PackageGate.cpp:297 ; VTABLE_Character[1] APMF:channels/TargetPin.cpp:545 ; VTABLE_Character[1] APMF:channels/CombatReentryDeny.cpp:480,0x18A5EB0,0x1923BB0,EXACT,rtti:vtable,"exact RTTI class .?AVCharacter@@, base subobject .?AVBSHandleRefObject@@ (found by BaseClassDescriptor displacement, not by raw offset) unique in both images; COL/TD chain verified (sig=1, pSelf); L1-anchored slots consistent 1/1; class hierarchy identical (17 bases)",pass
207890,vtable,ours,VTABLE_Character[2] MFO:Targeting.cpp:191 ; VTABLE_Character[2] APMF:core/NonAliasProbe.cpp:216 ; VTABLE_Character[2] APMF:core/Hook.cpp:100 ; VTABLE_Character[2] APMF:core/PackageGate.cpp:297 ; VTABLE_Character[2] APMF:channels/TargetPin.cpp:545 ; VTABLE_Character[2] APMF:channels/CombatReentryDeny.cpp:480,0x18A5EC8,0x1923BC8,EXACT,rtti:vtable,"exact RTTI class .?AVCharacter@@, base subobject .?AV?$BSTEventSink@UBSAnimationGraphEvent@@@@ (found by BaseClassDescriptor displacement, not by raw offset) unique in both images; COL/TD chain verified (sig=1, pSelf); L1-anchored slots consistent 2/2; class hierarchy identical (17 bases)",pass
207892,vtable,ours,VTABLE_Character[3] MFO:Targeting.cpp:191 ; VTABLE_Character[3] APMF:core/NonAliasProbe.cpp:216 ; VTABLE_Character[3] APMF:core/Hook.cpp:100 ; VTABLE_Character[3] APMF:core/PackageGate.cpp:297 ; VTABLE_Character[3] APMF:channels/TargetPin.cpp:545 ; VTABLE_Character[3] APMF:channels/CombatReentryDeny.cpp:480,0x18A5EE0,0x1923BE0,EXACT,rtti:vtable,"exact RTTI class .?AVCharacter@@, base subobject .?AVIAnimationGraphManagerHolder@@ (found by BaseClassDescriptor displacement, not by raw offset) unique in both images; COL/TD chain verified (sig=1, pSelf); L1-anchored slots consistent 9/9; class hierarchy identical (17 bases)",pass
207894,vtable,ours,VTABLE_Character[4] MFO:Targeting.cpp:191 ; VTABLE_Character[4] APMF:core/NonAliasProbe.cpp:216 ; VTABLE_Character[4] APMF:core/Hook.cpp:100 ; VTABLE_Character[4] APMF:core/PackageGate.cpp:297 ; VTABLE_Character[4] APMF:channels/TargetPin.cpp:545 ; VTABLE_Character[4] APMF:channels/CombatReentryDeny.cpp:480,0x18A5F80,0x1923C80,EXACT,rtti:vtable,"exact RTTI class .?AVCharacter@@, base subobject .?AVMagicTarget@@ (found by BaseClassDescriptor displacement, not by raw offset) unique in both images; COL/TD chain verified (sig=1, pSelf); L1-anchored slots consistent 7/7; class hierarchy identical (17 bases)",pass
207896,vtable,ours,VTABLE_Character[5] MFO:Targeting.cpp:191 ; VTABLE_Character[5] APMF:core/NonAliasProbe.cpp:216 ; VTABLE_Character[5] APMF:core/Hook.cpp:100 ; VTABLE_Character[5] APMF:core/PackageGate.cpp:297 ; VTABLE_Character[5] APMF:channels/TargetPin.cpp:545 ; VTABLE_Character[5] APMF:channels/CombatReentryDeny.cpp:480,0x18A5FE8,0x1923CE8,EXACT,rtti:vtable,"exact RTTI class .?AVCharacter@@, base subobject .?AVActorValueOwner@@ (found by BaseClassDescriptor displacement, not by raw offset) unique in both images; COL/TD chain verified (sig=1, pSelf); L1-anchored slots consistent 6/6; class hierarchy identical (17 bases)",pass
207898,vtable,ours,VTABLE_Character[6] MFO:Targeting.cpp:191 ; VTABLE_Character[6] APMF:core/NonAliasProbe.cpp:216 ; VTABLE_Character[6] APMF:core/Hook.cpp:100 ; VTABLE_Character[6] APMF:core/PackageGate.cpp:297 ; VTABLE_Character[6] APMF:channels/TargetPin.cpp:545 ; VTABLE_Character[6] APMF:channels/CombatReentryDeny.cpp:480,0x18A6038,0x1923D38,EXACT,rtti:vtable,"exact RTTI class .?AVCharacter@@, base subobject .?AVActorState@@ (found by BaseClassDescriptor displacement, not by raw offset) unique in both images; COL/TD chain verified (sig=1, pSelf); L1-anchored slots consistent 9/9; class hierarchy identical (17 bases)",pass
207900,vtable,ours,VTABLE_Character[7] MFO:Targeting.cpp:191 ; VTABLE_Character[7] APMF:core/NonAliasProbe.cpp:216 ; VTABLE_Character[7] APMF:core/Hook.cpp:100 ; VTABLE_Character[7] APMF:core/PackageGate.cpp:297 ; VTABLE_Character[7] APMF:channels/TargetPin.cpp:545 ; VTABLE_Character[7] APMF:channels/CombatReentryDeny.cpp:480,0x18A60F0,0x1923DF0,EXACT,rtti:vtable,"exact RTTI class .?AVCharacter@@, base subobject .?AV?$BSTEventSink@VBSTransformDeltaEvent@@@@ (found by BaseClassDescriptor displacement, not by raw offset) unique in both images; COL/TD chain verified (sig=1, pSelf); L1-anchored slots consistent 1/1; class hierarchy identical (17 bases)",pass
207902,vtable,ours,VTABLE_Character[8] MFO:Targeting.cpp:191 ; VTABLE_Character[8] APMF:core/NonAliasProbe.cpp:216 ; VTABLE_Character[8] APMF:core/Hook.cpp:100 ; VTABLE_Character[8] APMF:core/PackageGate.cpp:297 ; VTABLE_Character[8] APMF:channels/TargetPin.cpp:545 ; VTABLE_Character[8] APMF:channels/CombatReentryDeny.cpp:480,0x18A6108,0x1923E08,EXACT,rtti:vtable,"exact RTTI class .?AVCharacter@@, base subobject .?AV?$BSTEventSink@VbhkCharacterMoveFinishEvent@@@@ (found by BaseClassDescriptor displacement, not by raw offset) unique in both images; COL/TD chain verified (sig=1, pSelf); L1-anchored slots consistent 2/2; class hierarchy identical (17 bases)",pass
207904,vtable,ours,VTABLE_Character[9] MFO:Targeting.cpp:191 ; VTABLE_Character[9] APMF:core/NonAliasProbe.cpp:216 ; VTABLE_Character[9] APMF:core/Hook.cpp:100 ; VTABLE_Character[9] APMF:core/PackageGate.cpp:297 ; VTABLE_Character[9] APMF:channels/TargetPin.cpp:545 ; VTABLE_Character[9] APMF:channels/CombatReentryDeny.cpp:480,0x18A6120,0x1923E20,EXACT,rtti:vtable,"exact RTTI class .?AVCharacter@@, base subobject .?AVIPostAnimationChannelUpdateFunctor@@ (found by BaseClassDescriptor displacement, not by raw offset) unique in both images; COL/TD chain verified (sig=1, pSelf); L1-anchored slots consistent 1/1; class hierarchy identical (17 bases)",pass
68545,id,cl+ours,"RelocationID(67245,68545) MFO:Board.cpp:636 ; RelocationID(67245,68545) CL ControlMap::ToggleControls [MFO] src/RE/C/ControlMap.cpp:136",0xCD5650,0xCEFAA0,UNIQUE-SIG,sig:L1-body,"masked-byte head region (136 B, 132 fixed, 34 insn) hits exactly once in 1.7.104 .text (at 0xCEFAA0) and exactly once in 1.6.1170 .text; callees 0/0 ordered; rev-callees 0/0; callers 16/16; identical-caller sites 18 agree; neighbour-delta hint +0 B (hint only)",pass
68617,id,cl+ours,"RelocationID(67315,68617) MFO:Board.cpp:1743 ; RelocationID(67315,68617) MFO:Board.cpp:1762 ; RelocationID(67315,68617) CL BSInputDeviceManager::PollInputDevices [MFO] src/RE/B/BSInputDeviceManager.cpp:144",0xCD8F40,0xCF95F0,XREF,xref:graph,3 independent anchors point to the same 1.7 function (runner-up 1): callee 0xCD4F70->0xCEF3B0 | callee 0xCD42E0->0xCEE700 | caller 0x6D2120->0x6E4C20 (nth-call aligned); callees 1/1 ordered; rev-callees 1/1; callers 0/0; neighbour-delta hint +0 B (hint only),pass
40056,id,ours,"RelocationID(38993,40056) MFO:cast/Summon.cpp:138",0x717800,0x72A370,UNIQUE-SIG,sig:L1-body,"masked-byte head region (566 B, 514 fixed, 156 insn) hits exactly once in 1.7.104 .text (at 0x72A370) and exactly once in 1.6.1170 .text; callees 3/3 ordered; rev-callees 3/3; callers 1/1; identical-caller sites 1 agree; neighbour-delta hint +0 B (hint only)",pass
403330,id,ours,"RelocationID(516851,403330) MFO:cast/Summon.cpp:139 ; RelocationID(516851,403330) MFO:cast/Summon.cpp:151",0x317ABA8,0x3223E18,XREF,xref:global,"51 mapped referencing function(s) (44 by identical bytes, 7 by ordinal in identical instruction shape; largest 987 insn) read the corresponding rip-relative operand and all agree on 0x3223E18; section .data kept; AE has 257 referencing sites",pass
20226,id,ours,"RelocationID(19821,20226) MFO:logistics/Lockpick.cpp:166",0x2FAF00,0x301500,UNIQUE-SIG,sig:L1-body,"masked-byte head region (49 B, 37 fixed, 16 insn) hits exactly once in 1.7.104 .text (at 0x301500) and exactly once in 1.6.1170 .text; callees 2/2 ordered; rev-callees 2/2; callers 3/3; identical-caller sites 3 agree; neighbour-delta hint +0 B (hint only)",pass
394334,rtti,ours,RTTI_Character APMF:core/NonAliasProbe.cpp:215,0x2060420,0x2103D50,EXACT,rtti:typedescriptor,"exact mangled name .?AVCharacter@@, one TypeDescriptor in each image",na
395440,rtti,ours,RTTI_CombatInventoryItem APMF:core/EquipGate.cpp:668 ; RTTI_CombatInventoryItem APMF:core/AiCastSeats.cpp:1299,0x207ECC8,0x21233A8,EXACT,rtti:typedescriptor,"exact mangled name .?AVCombatInventoryItem@@, one TypeDescriptor in each image",na
37537,id,cl+ours,"RelocationID(36537,37537) APMF:core/SpaceQuery.cpp:141 ; Offset::Actor::GetHostileToActor CL Actor::IsHostileToActor [MFO] src/RE/A/Actor.cpp:792 ; Offset::Actor::GetHostileToActor CL Actor::IsHostileToActor [APMF] src/RE/A/Actor.cpp:792",0x679F10,0x68C9D0,UNIQUE-SIG,sig:L1-body,"masked-byte head region (366 B, 310 fixed, 96 insn) hits exactly once in 1.7.104 .text (at 0x68C9D0) and exactly once in 1.6.1170 .text; callees 2/2 ordered; rev-callees 2/2; callers 5/5; identical-caller sites 5 agree; neighbour-delta hint +0 B (hint only)",pass
238918,vtable,ours,VTABLE_bhkWorld[0] APMF:core/SpaceQuery.cpp:143,0x19E1990,0x1A7CDA8,EXACT,rtti:vtable,"exact RTTI class .?AVbhkWorld@@, base subobject (primary) (found by BaseClassDescriptor displacement, not by raw offset) unique in both images; COL/TD chain verified (sig=1, pSelf); L1-anchored slots consistent 12/12; class hierarchy identical (5 bases)",pass
212694,id,ours,"VariantID(266096,212694) APMF:core/CombatBehaviorRE.h:164",0x18DC6C0,0x195AC88,EXACT,rtti:vtable,"exact RTTI class .?AV?$CombatBehaviorTreeNodeObject@VCombatBehaviorAdvance@@@@, base subobject (primary) (found by BaseClassDescriptor displacement, not by raw offset) unique in both images; COL/TD chain verified (sig=1, pSelf); L1-anchored slots consistent 1/1; class hierarchy identical (3 bases)",pass
213789,id,ours,"VariantID(266747,213789) APMF:core/CombatBehaviorRE.h:165",0x18E4048,0x1962610,EXACT,rtti:vtable,"exact RTTI class .?AV?$CombatBehaviorTreeNodeObject@VCombatBehaviorAttack@@@@, base subobject (primary) (found by BaseClassDescriptor displacement, not by raw offset) unique in both images; COL/TD chain verified (sig=1, pSelf); L1-anchored slots consistent 1/1; class hierarchy identical (3 bases)",pass
214395,id,ours,"VariantID(267194,214395) APMF:core/CombatBehaviorRE.h:166",0x18E8C80,0x1967270,EXACT,rtti:vtable,"exact RTTI class .?AV?$CombatBehaviorTreeNodeObject@VCombatBehaviorAttackFromCover@@@@, base subobject (primary) (found by BaseClassDescriptor displacement, not by raw offset) unique in both images; COL/TD chain verified (sig=1, pSelf); L1-anchored slots consistent 4/4; class hierarchy identical (3 bases)",pass
213640,id,ours,"VariantID(266654,213640) APMF:core/CombatBehaviorRE.h:167",0x18E2DA8,0x1961370,EXACT,rtti:vtable,"exact RTTI class .?AV?$CombatBehaviorTreeNodeObject@VCombatBehaviorAttackLow@@@@, base subobject (primary) (found by BaseClassDescriptor displacement, not by raw offset) unique in both images; COL/TD chain verified (sig=1, pSelf); L1-anchored slots consistent 1/1; class hierarchy identical (3 bases)",pass
212785,id,ours,"VariantID(266103,212785) APMF:core/CombatBehaviorRE.h:168",0x18DCB90,0x195B158,EXACT,rtti:vtable,"exact RTTI class .?AV?$CombatBehaviorTreeNodeObject@VCombatBehaviorBackoff@@@@, base subobject (primary) (found by BaseClassDescriptor displacement, not by raw offset) unique in both images; COL/TD chain verified (sig=1, pSelf); L1-anchored slots consistent 1/1; class hierarchy identical (3 bases)",pass
212595,id,ours,"VariantID(265986,212595) APMF:core/CombatBehaviorRE.h:169",0x18DB618,0x1959BE0,EXACT,rtti:vtable,"exact RTTI class .?AV?$CombatBehaviorTreeNodeObject@VCombatBehaviorBash@@@@, base subobject (primary) (found by BaseClassDescriptor displacement, not by raw offset) unique in both images; COL/TD chain verified (sig=1, pSelf); L1-anchored slots consistent 1/1; class hierarchy identical (3 bases)",pass
212608,id,ours,"VariantID(265987,212608) APMF:core/CombatBehaviorRE.h:170",0x18DB6C8,0x1959C90,EXACT,rtti:vtable,"exact RTTI class .?AV?$CombatBehaviorTreeNodeObject@VCombatBehaviorBlock@@@@, base subobject (primary) (found by BaseClassDescriptor displacement, not by raw offset) unique in both images; COL/TD chain verified (sig=1, pSelf); L1-anchored slots consistent 4/4; class hierarchy identical (3 bases)",pass
212582,id,ours,"VariantID(265985,212582) APMF:core/CombatBehaviorRE.h:171",0x18DB568,0x1959B30,EXACT,rtti:vtable,"exact RTTI class .?AV?$CombatBehaviorTreeNodeObject@VCombatBehaviorBlockAttack@@@@, base subobject (primary) (found by BaseClassDescriptor displacement, not by raw offset) unique in both images; COL/TD chain verified (sig=1, pSelf); L1-anchored slots consistent 4/4; class hierarchy identical (3 bases)",pass
213735,id,ours,"VariantID(266707,213735) APMF:core/CombatBehaviorRE.h:172",0x18E3868,0x1961E30,EXACT,rtti:vtable,"exact RTTI class .?AV?$CombatBehaviorTreeNodeObject@VCombatBehaviorCastConcentrationSpell@@@@, base subobject (primary) (found by BaseClassDescriptor displacement, not by raw offset) unique in both images; COL/TD chain verified (sig=1, pSelf); L1-anchored slots consistent 2/2; class hierarchy identical (3 bases)",pass
213720,id,ours,"VariantID(266705,213720) APMF:core/CombatBehaviorRE.h:173",0x18E3760,0x1961D28,EXACT,rtti:vtable,"exact RTTI class .?AV?$CombatBehaviorTreeNodeObject@VCombatBehaviorCastImmediateSpell@@@@, base subobject (primary) (found by BaseClassDescriptor displacement, not by raw offset) unique in both images; COL/TD chain verified (sig=1, pSelf); L1-anchored slots consistent 2/2; class hierarchy identical (3 bases)",pass
214280,id,ours,"VariantID(267116,214280) APMF:core/CombatBehaviorRE.h:174",0x18E7E60,0x1966450,EXACT,rtti:vtable,"exact RTTI class .?AV?$CombatBehaviorTreeNodeObject@VCombatBehaviorCastShout@@@@, base subobject (primary) (found by BaseClassDescriptor displacement, not by raw offset) unique in both images; COL/TD chain verified (sig=1, pSelf); L1-anchored slots consistent 1/1; class hierarchy identical (3 bases)",pass
213109,id,ours,"VariantID(266336,213109) APMF:core/CombatBehaviorRE.h:175",0x18DF408,0x195D9D0,EXACT,rtti:vtable,"exact RTTI class .?AV?$CombatBehaviorTreeNodeObject@VCombatBehaviorChase@@@@, base subobject (primary) (found by BaseClassDescriptor displacement, not by raw offset) unique in both images; COL/TD chain verified (sig=1, pSelf); L1-anchored slots consistent 2/2; class hierarchy identical (3 bases)",pass
213917,id,ours,"VariantID(266866,213917) APMF:core/CombatBehaviorRE.h:176",0x18E5410,0x19639D8,EXACT,rtti:vtable,"exact RTTI class .?AV?$CombatBehaviorTreeNodeObject@VCombatBehaviorCheckUnreachableTarget@@@@, base subobject (primary) (found by BaseClassDescriptor displacement, not by raw offset) unique in both images; COL/TD chain verified (sig=1, pSelf); L1-anchored slots consistent 2/2; class hierarchy identical (3 bases)",pass
212668,id,ours,"VariantID(266094,212668) APMF:core/CombatBehaviorRE.h:177",0x18DC560,0x195AB28,EXACT,rtti:vtable,"exact RTTI class .?AV?$CombatBehaviorTreeNodeObject@V?$CombatBehaviorChildSelector@VConditionalChildSelector@@@@@@, base subobject (primary) (found by BaseClassDescriptor displacement, not by raw offset) unique in both images; COL/TD chain verified (sig=1, pSelf); L1-anchored slots consistent 1/1; class hierarchy identical (3 bases)",pass
212746,id,ours,"VariantID(266100,212746) APMF:core/CombatBehaviorRE.h:178",0x18DC980,0x195AF48,EXACT,rtti:vtable,"exact RTTI class .?AV?$CombatBehaviorTreeNodeObject@V?$CombatBehaviorChildSelector@VRandomValueChildSelector@@@@@@, base subobject (primary) (found by BaseClassDescriptor displacement, not by raw offset) unique in both images; COL/TD chain verified (sig=1, pSelf); L1-anchored slots consistent 3/3; class hierarchy identical (3 bases)",pass
212424,id,ours,"VariantID(265919,212424) APMF:core/CombatBehaviorRE.h:179",0x18DA640,0x1958C08,EXACT,rtti:vtable,"exact RTTI class .?AV?$CombatBehaviorTreeNodeObject@V?$CombatBehaviorChildSelector@VValueChildSelector@@@@@@, base subobject (primary) (found by BaseClassDescriptor displacement, not by raw offset) unique in both images; COL/TD chain verified (sig=1, pSelf); L1-anchored slots consistent 1/1; class hierarchy identical (3 bases)",pass
212772,id,ours,"VariantID(266102,212772) APMF:core/CombatBehaviorRE.h:180",0x18DCAE0,0x195B0A8,EXACT,rtti:vtable,"exact RTTI class .?AV?$CombatBehaviorTreeNodeObject@VCombatBehaviorCircle@@@@, base subobject (primary) (found by BaseClassDescriptor displacement, not by raw offset) unique in both images; COL/TD chain verified (sig=1, pSelf); L1-anchored slots consistent 1/1; class hierarchy identical (3 bases)",pass
212720,id,ours,"VariantID(266098,212720) APMF:core/CombatBehaviorRE.h:181",0x18DC820,0x195ADE8,EXACT,rtti:vtable,"exact RTTI class .?AV?$CombatBehaviorTreeNodeObject@VCombatBehaviorCircleDistant@@@@, base subobject (primary) (found by BaseClassDescriptor displacement, not by raw offset) unique in both images; COL/TD chain verified (sig=1, pSelf); L1-anchored slots consistent 1/1; class hierarchy identical (3 bases)",pass
213551,id,ours,"VariantID(266624,213551) APMF:core/CombatBehaviorRE.h:182",0x18E25B8,0x1960B80,EXACT,rtti:vtable,"exact RTTI class .?AV?$CombatBehaviorTreeNodeObject@VCombatBehaviorDiveBomb@@@@, base subobject (primary) (found by BaseClassDescriptor displacement, not by raw offset) unique in both images; COL/TD chain verified (sig=1, pSelf); L1-anchored slots consistent 1/1; class hierarchy identical (3 bases)",pass
212546,id,ours,"VariantID(265954,212546) APMF:core/CombatBehaviorRE.h:183",0x18DAFD0,0x1959598,EXACT,rtti:vtable,"exact RTTI class .?AV?$CombatBehaviorTreeNodeObject@VCombatBehaviorDodgeThreat@@@@, base subobject (primary) (found by BaseClassDescriptor displacement, not by raw offset) unique in both images; COL/TD chain verified (sig=1, pSelf); L1-anchored slots consistent 5/5; class hierarchy identical (3 bases)",pass
214430,id,ours,"VariantID(267213,214430) APMF:core/CombatBehaviorRE.h:184",0x18E8F80,0x1967570,EXACT,rtti:vtable,"exact RTTI class .?AV?$CombatBehaviorTreeNodeObject@VCombatBehaviorDrinkPotion@@@@, base subobject (primary) (found by BaseClassDescriptor displacement, not by raw offset) unique in both images; COL/TD chain verified (sig=1, pSelf); L1-anchored slots consistent 2/2; class hierarchy identical (3 bases)",pass
212411,id,ours,"VariantID(265918,212411) APMF:core/CombatBehaviorRE.h:185",0x18DA590,0x1958B58,EXACT,rtti:vtable,"exact RTTI class .?AV?$CombatBehaviorTreeNodeObject@VCombatBehaviorDynamicConditionalNode@@@@, base subobject (primary) (found by BaseClassDescriptor displacement, not by raw offset) unique in both images; COL/TD chain verified (sig=1, pSelf); L1-anchored slots consistent 3/3; class hierarchy identical (3 bases)",pass
212437,id,ours,"VariantID(265920,212437) APMF:core/CombatBehaviorRE.h:186",0x18DA6F0,0x1958CB8,EXACT,rtti:vtable,"exact RTTI class .?AV?$CombatBehaviorTreeNodeObject@VCombatBehaviorEquipObject@@@@, base subobject (primary) (found by BaseClassDescriptor displacement, not by raw offset) unique in both images; COL/TD chain verified (sig=1, pSelf); L1-anchored slots consistent 1/1; class hierarchy identical (3 bases)",pass
212450,id,ours,"VariantID(265921,212450) APMF:core/CombatBehaviorRE.h:187",0x18DA7A0,0x1958D68,EXACT,rtti:vtable,"exact RTTI class .?AV?$CombatBehaviorTreeNodeObject@VCombatBehaviorEquipRangedWeapon@@@@, base subobject (primary) (found by BaseClassDescriptor displacement, not by raw offset) unique in both images; COL/TD chain verified (sig=1, pSelf); L1-anchored slots consistent 1/1; class hierarchy identical (3 bases)",pass
212478,id,ours,"VariantID(265924,212478) APMF:core/CombatBehaviorRE.h:188",0x18DA958,0x1958F20,EXACT,rtti:vtable,"exact RTTI class .?AV?$CombatBehaviorTreeNodeObject@VCombatBehaviorEquipShout@@@@, base subobject (primary) (found by BaseClassDescriptor displacement, not by raw offset) unique in both images; COL/TD chain verified (sig=1, pSelf); L1-anchored slots consistent 1/1; class hierarchy identical (3 bases)",pass
212463,id,ours,"VariantID(265922,212463) APMF:core/CombatBehaviorRE.h:189",0x18DA850,0x1958E18,EXACT,rtti:vtable,"exact RTTI class .?AV?$CombatBehaviorTreeNodeObject@VCombatBehaviorEquipSpell@@@@, base subobject (primary) (found by BaseClassDescriptor displacement, not by raw offset) unique in both images; COL/TD chain verified (sig=1, pSelf); L1-anchored slots consistent 1/1; class hierarchy identical (3 bases)",pass
213943,id,ours,"VariantID(266868,213943) APMF:core/CombatBehaviorRE.h:190",0x18E5570,0x1963B38,EXACT,rtti:vtable,"exact RTTI class .?AV?$CombatBehaviorTreeNodeObject@VCombatBehaviorExitWater@@@@, base subobject (primary) (found by BaseClassDescriptor displacement, not by raw offset) unique in both images; COL/TD chain verified (sig=1, pSelf); L1-anchored slots consistent 1/1; class hierarchy identical (3 bases)",pass
212759,id,ours,"VariantID(266101,212759) APMF:core/CombatBehaviorRE.h:191",0x18DCA30,0x195AFF8,EXACT,rtti:vtable,"exact RTTI class .?AV?$CombatBehaviorTreeNodeObject@VCombatBehaviorFallback@@@@, base subobject (primary) (found by BaseClassDescriptor displacement, not by raw offset) unique in both images; COL/TD chain verified (sig=1, pSelf); L1-anchored slots consistent 5/5; class hierarchy identical (3 bases)",pass
205291,id,ours,"VariantID(256698,205291) APMF:core/CombatBehaviorRE.h:192",0x1873240,0x18ED320,EXACT,rtti:vtable,"exact RTTI class .?AV?$CombatBehaviorTreeNodeObject@V?$CombatBehaviorFallbackSelector@VNextChildSelector@@@@@@, base subobject (primary) (found by BaseClassDescriptor displacement, not by raw offset) unique in both images; COL/TD chain verified (sig=1, pSelf); L1-anchored slots consistent 4/4; class hierarchy identical (3 bases)",pass
213512,id,ours,"VariantID(266621,213512) APMF:core/CombatBehaviorRE.h:193",0x18E23A8,0x1960970,EXACT,rtti:vtable,"exact RTTI class .?AV?$CombatBehaviorTreeNodeObject@V?$CombatBehaviorFallbackSelector@VWeightedRandomChildSelector@@@@@@, base subobject (primary) (found by BaseClassDescriptor displacement, not by raw offset) unique in both images; COL/TD chain verified (sig=1, pSelf); L1-anchored slots consistent 4/4; class hierarchy identical (3 bases)",pass
212681,id,ours,"VariantID(266095,212681) APMF:core/CombatBehaviorRE.h:194",0x18DC610,0x195ABD8,EXACT,rtti:vtable,"exact RTTI class .?AV?$CombatBehaviorTreeNodeObject@VCombatBehaviorFallbackToRanged@@@@, base subobject (primary) (found by BaseClassDescriptor displacement, not by raw offset) unique in both images; COL/TD chain verified (sig=1, pSelf); L1-anchored slots consistent 1/1; class hierarchy identical (3 bases)",pass
212925,id,ours,"VariantID(266196,212925) APMF:core/CombatBehaviorRE.h:195",0x18DDDB0,0x195C378,EXACT,rtti:vtable,"exact RTTI class .?AV?$CombatBehaviorTreeNodeObject@VCombatBehaviorFindAllyAttackLocation@@@@, base subobject (primary) (found by BaseClassDescriptor displacement, not by raw offset) unique in both images; COL/TD chain verified (sig=1, pSelf); L1-anchored slots consistent 3/3; class hierarchy identical (3 bases)",pass
212912,id,ours,"VariantID(266195,212912) APMF:core/CombatBehaviorRE.h:196",0x18DDD00,0x195C2C8,EXACT,rtti:vtable,"exact RTTI class .?AV?$CombatBehaviorTreeNodeObject@VCombatBehaviorFindAttackLocation@@@@, base subobject (primary) (found by BaseClassDescriptor displacement, not by raw offset) unique in both images; COL/TD chain verified (sig=1, pSelf); L1-anchored slots consistent 1/1; class hierarchy identical (3 bases)",pass
214365,id,ours,"VariantID(267190,214365) APMF:core/CombatBehaviorRE.h:197",0x18E8A70,0x1967060,EXACT,rtti:vtable,"exact RTTI class .?AV?$CombatBehaviorTreeNodeObject@VCombatBehaviorFindCover@@@@, base subobject (primary) (found by BaseClassDescriptor displacement, not by raw offset) unique in both images; COL/TD chain verified (sig=1, pSelf); L1-anchored slots consistent 4/4; class hierarchy identical (3 bases)",pass
212899,id,ours,"VariantID(266194,212899) APMF:core/CombatBehaviorRE.h:198",0x18DDC50,0x195C218,EXACT,rtti:vtable,"exact RTTI class .?AV?$CombatBehaviorTreeNodeObject@VCombatBehaviorFindLateralAttackLocation@@@@, base subobject (primary) (found by BaseClassDescriptor displacement, not by raw offset) unique in both images; COL/TD chain verified (sig=1, pSelf); L1-anchored slots consistent 1/1; class hierarchy identical (3 bases)",pass
212262,id,ours,"VariantID(265838,212262) APMF:core/CombatBehaviorRE.h:199",0x18D99D0,0x1957F98,EXACT,rtti:vtable,"exact RTTI class .?AV?$CombatBehaviorTreeNodeObject@VCombatBehaviorFindWeapon@@@@, base subobject (primary) (found by BaseClassDescriptor displacement, not by raw offset) unique in both images; COL/TD chain verified (sig=1, pSelf); L1-anchored slots consistent 6/6; class hierarchy identical (3 bases)",pass
213096,id,ours,"VariantID(266335,213096) APMF:core/CombatBehaviorRE.h:200",0x18DF358,0x195D920,EXACT,rtti:vtable,"exact RTTI class .?AV?$CombatBehaviorTreeNodeObject@VCombatBehaviorFlank@@@@, base subobject (primary) (found by BaseClassDescriptor displacement, not by raw offset) unique in both images; COL/TD chain verified (sig=1, pSelf); L1-anchored slots consistent 1/1; class hierarchy identical (3 bases)",pass
213122,id,ours,"VariantID(266337,213122) APMF:core/CombatBehaviorRE.h:201",0x18DF4B8,0x195DA80,EXACT,rtti:vtable,"exact RTTI class .?AV?$CombatBehaviorTreeNodeObject@VCombatBehaviorFlankDistant@@@@, base subobject (primary) (found by BaseClassDescriptor displacement, not by raw offset) unique in both images; COL/TD chain verified (sig=1, pSelf); L1-anchored slots consistent 1/1; class hierarchy identical (3 bases)",pass
213321,id,ours,"VariantID(266497,213321) APMF:core/CombatBehaviorRE.h:202",0x18E0EA0,0x195F468,EXACT,rtti:vtable,"exact RTTI class .?AV?$CombatBehaviorTreeNodeObject@VCombatBehaviorFlee@@@@, base subobject (primary) (found by BaseClassDescriptor displacement, not by raw offset) unique in both images; COL/TD chain verified (sig=1, pSelf); L1-anchored slots consistent 4/4; class hierarchy identical (3 bases)",pass
213295,id,ours,"VariantID(266495,213295) APMF:core/CombatBehaviorRE.h:203",0x18E0D40,0x195F308,EXACT,rtti:vtable,"exact RTTI class .?AV?$CombatBehaviorTreeNodeObject@VCombatBehaviorFleeThroughDoor@@@@, base subobject (primary) (found by BaseClassDescriptor displacement, not by raw offset) unique in both images; COL/TD chain verified (sig=1, pSelf); L1-anchored slots consistent 1/1; class hierarchy identical (3 bases)",pass
213282,id,ours,"VariantID(266494,213282) APMF:core/CombatBehaviorRE.h:204",0x18E0C90,0x195F258,EXACT,rtti:vtable,"exact RTTI class .?AV?$CombatBehaviorTreeNodeObject@VCombatBehaviorFleeToAlly@@@@, base subobject (primary) (found by BaseClassDescriptor displacement, not by raw offset) unique in both images; COL/TD chain verified (sig=1, pSelf); L1-anchored slots consistent 1/1; class hierarchy identical (3 bases)",pass
213308,id,ours,"VariantID(266496,213308) APMF:core/CombatBehaviorRE.h:205",0x18E0DF0,0x195F3B8,EXACT,rtti:vtable,"exact RTTI class .?AV?$CombatBehaviorTreeNodeObject@VCombatBehaviorFleeToCover@@@@, base subobject (primary) (found by BaseClassDescriptor displacement, not by raw offset) unique in both images; COL/TD chain verified (sig=1, pSelf); L1-anchored slots consistent 4/4; class hierarchy identical (3 bases)",pass
213577,id,ours,"VariantID(266626,213577) APMF:core/CombatBehaviorRE.h:206",0x18E2718,0x1960CE0,EXACT,rtti:vtable,"exact RTTI class .?AV?$CombatBehaviorTreeNodeObject@VCombatBehaviorFlyingAttack@@@@, base subobject (primary) (found by BaseClassDescriptor displacement, not by raw offset) unique in both images; COL/TD chain verified (sig=1, pSelf); L1-anchored slots consistent 5/5; class hierarchy identical (3 bases)",pass
214228,id,ours,"VariantID(267085,214228) APMF:core/CombatBehaviorRE.h:207",0x18E7928,0x1965F18,EXACT,rtti:vtable,"exact RTTI class .?AV?$CombatBehaviorTreeNodeObject@VCombatBehaviorForceFail@@@@, base subobject (primary) (found by BaseClassDescriptor displacement, not by raw offset) unique in both images; COL/TD chain verified (sig=1, pSelf); L1-anchored slots consistent 2/2; class hierarchy identical (3 bases)",pass
213405,id,ours,"VariantID(266506,213405) APMF:core/CombatBehaviorRE.h:208",0x18E13C8,0x195F990,EXACT,rtti:vtable,"exact RTTI class .?AV?$CombatBehaviorTreeNodeObject@VCombatBehaviorForceSuccess@@@@, base subobject (primary) (found by BaseClassDescriptor displacement, not by raw offset) unique in both images; COL/TD chain verified (sig=1, pSelf); L1-anchored slots consistent 2/2; class hierarchy identical (3 bases)",pass
213525,id,ours,"VariantID(266622,213525) APMF:core/CombatBehaviorRE.h:209",0x18E2458,0x1960A20,EXACT,rtti:vtable,"exact RTTI class .?AV?$CombatBehaviorTreeNodeObject@VCombatBehaviorGroundAttack@@@@, base subobject (primary) (found by BaseClassDescriptor displacement, not by raw offset) unique in both images; COL/TD chain verified (sig=1, pSelf); L1-anchored slots consistent 2/2; class hierarchy identical (3 bases)",pass
213364,id,ours,"VariantID(266502,213364) APMF:core/CombatBehaviorRE.h:210",0x18E1160,0x195F728,EXACT,rtti:vtable,"exact RTTI class .?AV?$CombatBehaviorTreeNodeObject@VCombatBehaviorHide@@@@, base subobject (primary) (found by BaseClassDescriptor displacement, not by raw offset) unique in both images; COL/TD chain verified (sig=1, pSelf); L1-anchored slots consistent 5/5; class hierarchy identical (3 bases)",pass
213538,id,ours,"VariantID(266623,213538) APMF:core/CombatBehaviorRE.h:211",0x18E2508,0x1960AD0,EXACT,rtti:vtable,"exact RTTI class .?AV?$CombatBehaviorTreeNodeObject@VCombatBehaviorHover@@@@, base subobject (primary) (found by BaseClassDescriptor displacement, not by raw offset) unique in both images; COL/TD chain verified (sig=1, pSelf); L1-anchored slots consistent 2/2; class hierarchy identical (3 bases)",pass
213609,id,ours,"VariantID(266631,213609) APMF:core/CombatBehaviorRE.h:212",0x18E2980,0x1960F48,EXACT,rtti:vtable,"exact RTTI class .?AV?$CombatBehaviorTreeNodeObject@VCombatBehaviorLand@@@@, base subobject (primary) (found by BaseClassDescriptor displacement, not by raw offset) unique in both images; COL/TD chain verified (sig=1, pSelf); L1-anchored slots consistent 2/2; class hierarchy identical (3 bases)",pass
214013,id,ours,"VariantID(266933,214013) APMF:core/CombatBehaviorRE.h:213",0x18E5E58,0x1964420,EXACT,rtti:vtable,"exact RTTI class .?AV?$CombatBehaviorTreeNodeObject@VCombatBehaviorMaintainOptimalRange@@@@, base subobject (primary) (found by BaseClassDescriptor displacement, not by raw offset) unique in both images; COL/TD chain verified (sig=1, pSelf); L1-anchored slots consistent 1/1; class hierarchy identical (3 bases)",pass
213499,id,ours,"VariantID(266620,213499) APMF:core/CombatBehaviorRE.h:214",0x18E22F8,0x19608C0,EXACT,rtti:vtable,"exact RTTI class .?AV?$CombatBehaviorTreeNodeObject@VCombatBehaviorOrbit@@@@, base subobject (primary) (found by BaseClassDescriptor displacement, not by raw offset) unique in both images; COL/TD chain verified (sig=1, pSelf); L1-anchored slots consistent 2/2; class hierarchy identical (3 bases)",pass
213486,id,ours,"VariantID(266619,213486) APMF:core/CombatBehaviorRE.h:215",0x18E2248,0x1960810,EXACT,rtti:vtable,"exact RTTI class .?AV?$CombatBehaviorTreeNodeObject@VCombatBehaviorOrbitDistant@@@@, base subobject (primary) (found by BaseClassDescriptor displacement, not by raw offset) unique in both images; COL/TD chain verified (sig=1, pSelf); L1-anchored slots consistent 1/1; class hierarchy identical (3 bases)",pass
212197,id,ours,"VariantID(265772,212197) APMF:core/CombatBehaviorRE.h:216",0x18D9068,0x1957630,EXACT,rtti:vtable,"exact RTTI class .?AV?$CombatBehaviorTreeNodeObject@VCombatBehaviorParallel@@@@, base subobject (primary) (found by BaseClassDescriptor displacement, not by raw offset) unique in both images; COL/TD chain verified (sig=1, pSelf); L1-anchored slots consistent 4/4; class hierarchy identical (3 bases)",pass
212491,id,ours,"VariantID(265925,212491) APMF:core/CombatBehaviorRE.h:217",0x18DAA08,0x1958FD0,EXACT,rtti:vtable,"exact RTTI class .?AV?$CombatBehaviorTreeNodeObject@VCombatBehaviorPause@@@@, base subobject (primary) (found by BaseClassDescriptor displacement, not by raw offset) unique in both images; COL/TD chain verified (sig=1, pSelf); L1-anchored slots consistent 1/1; class hierarchy identical (3 bases)",pass
213564,id,ours,"VariantID(266625,213564) APMF:core/CombatBehaviorRE.h:218",0x18E2668,0x1960C30,EXACT,rtti:vtable,"exact RTTI class .?AV?$CombatBehaviorTreeNodeObject@VCombatBehaviorPerchAttack@@@@, base subobject (primary) (found by BaseClassDescriptor displacement, not by raw offset) unique in both images; COL/TD chain verified (sig=1, pSelf); L1-anchored slots consistent 5/5; class hierarchy identical (3 bases)",pass
213705,id,ours,"VariantID(266703,213705) APMF:core/CombatBehaviorRE.h:219",0x18E3658,0x1961C20,EXACT,rtti:vtable,"exact RTTI class .?AV?$CombatBehaviorTreeNodeObject@VCombatBehaviorPrepareDualCast@@@@, base subobject (primary) (found by BaseClassDescriptor displacement, not by raw offset) unique in both images; COL/TD chain verified (sig=1, pSelf); L1-anchored slots consistent 1/1; class hierarchy identical (3 bases)",pass
213653,id,ours,"VariantID(266655,213653) APMF:core/CombatBehaviorRE.h:220",0x18E2E58,0x1961420,EXACT,rtti:vtable,"exact RTTI class .?AV?$CombatBehaviorTreeNodeObject@VCombatBehaviorPursueTarget@@@@, base subobject (primary) (found by BaseClassDescriptor displacement, not by raw offset) unique in both images; COL/TD chain verified (sig=1, pSelf); L1-anchored slots consistent 1/1; class hierarchy identical (3 bases)",pass
205304,id,ours,"VariantID(256699,205304) APMF:core/CombatBehaviorRE.h:221",0x18732F0,0x18ED3D0,EXACT,rtti:vtable,"exact RTTI class .?AV?$CombatBehaviorTreeNodeObject@VCombatBehaviorRangedAttack@@@@, base subobject (primary) (found by BaseClassDescriptor displacement, not by raw offset) unique in both images; COL/TD chain verified (sig=1, pSelf); L1-anchored slots consistent 4/4; class hierarchy identical (3 bases)",pass
205278,id,ours,"VariantID(256697,205278) APMF:core/CombatBehaviorRE.h:222",0x1873190,0x18ED270,EXACT,rtti:vtable,"exact RTTI class .?AV?$CombatBehaviorTreeNodeObject@VCombatBehaviorRepeat@@@@, base subobject (primary) (found by BaseClassDescriptor displacement, not by raw offset) unique in both images; COL/TD chain verified (sig=1, pSelf); L1-anchored slots consistent 3/3; class hierarchy identical (3 bases)",pass
212733,id,ours,"VariantID(266099,212733) APMF:core/CombatBehaviorRE.h:223",0x18DC8D0,0x195AE98,EXACT,rtti:vtable,"exact RTTI class .?AV?$CombatBehaviorTreeNodeObject@VCombatBehaviorReposition@@@@, base subobject (primary) (found by BaseClassDescriptor displacement, not by raw offset) unique in both images; COL/TD chain verified (sig=1, pSelf); L1-anchored slots consistent 1/1; class hierarchy identical (3 bases)",pass
213930,id,ours,"VariantID(266867,213930) APMF:core/CombatBehaviorRE.h:224",0x18E54C0,0x1963A88,EXACT,rtti:vtable,"exact RTTI class .?AV?$CombatBehaviorTreeNodeObject@VCombatBehaviorReturnToCombatArea@@@@, base subobject (primary) (found by BaseClassDescriptor displacement, not by raw offset) unique in both images; COL/TD chain verified (sig=1, pSelf); L1-anchored slots consistent 2/2; class hierarchy identical (3 bases)",pass
214241,id,ours,"VariantID(267086,214241) APMF:core/CombatBehaviorRE.h:225",0x18E79D8,0x1965FC8,EXACT,rtti:vtable,"exact RTTI class .?AV?$CombatBehaviorTreeNodeObject@VCombatBehaviorSearchInvestigateDoor@@@@, base subobject (primary) (found by BaseClassDescriptor displacement, not by raw offset) unique in both images; COL/TD chain verified (sig=1, pSelf); L1-anchored slots consistent 5/5; class hierarchy identical (3 bases)",pass
212249,id,ours,"VariantID(265837,212249) APMF:core/CombatBehaviorRE.h:226",0x18D9920,0x1957EE8,EXACT,rtti:vtable,"exact RTTI class .?AV?$CombatBehaviorTreeNodeObject@VCombatBehaviorSequence@@@@, base subobject (primary) (found by BaseClassDescriptor displacement, not by raw offset) unique in both images; COL/TD chain verified (sig=1, pSelf); L1-anchored slots consistent 3/3; class hierarchy identical (3 bases)",pass
213776,id,ours,"VariantID(266746,213776) APMF:core/CombatBehaviorRE.h:227",0x18E3F98,0x1962560,EXACT,rtti:vtable,"exact RTTI class .?AV?$CombatBehaviorTreeNodeObject@VCombatBehaviorSpecialAttack@@@@, base subobject (primary) (found by BaseClassDescriptor displacement, not by raw offset) unique in both images; COL/TD chain verified (sig=1, pSelf); L1-anchored slots consistent 1/1; class hierarchy identical (3 bases)",pass
213083,id,ours,"VariantID(266334,213083) APMF:core/CombatBehaviorRE.h:228",0x18DF2A8,0x195D870,EXACT,rtti:vtable,"exact RTTI class .?AV?$CombatBehaviorTreeNodeObject@VCombatBehaviorStalk@@@@, base subobject (primary) (found by BaseClassDescriptor displacement, not by raw offset) unique in both images; COL/TD chain verified (sig=1, pSelf); L1-anchored slots consistent 5/5; class hierarchy identical (3 bases)",pass
214026,id,ours,"VariantID(266934,214026) APMF:core/CombatBehaviorRE.h:229",0x18E5F08,0x19644D0,EXACT,rtti:vtable,"exact RTTI class .?AV?$CombatBehaviorTreeNodeObject@VCombatBehaviorStrafe@@@@, base subobject (primary) (found by BaseClassDescriptor displacement, not by raw offset) unique in both images; COL/TD chain verified (sig=1, pSelf); L1-anchored slots consistent 2/2; class hierarchy identical (3 bases)",pass
212707,id,ours,"VariantID(266097,212707) APMF:core/CombatBehaviorRE.h:230",0x18DC770,0x195AD38,EXACT,rtti:vtable,"exact RTTI class .?AV?$CombatBehaviorTreeNodeObject@VCombatBehaviorSurround@@@@, base subobject (primary) (found by BaseClassDescriptor displacement, not by raw offset) unique in both images; COL/TD chain verified (sig=1, pSelf); L1-anchored slots consistent 1/1; class hierarchy identical (3 bases)",pass
213460,id,ours,"VariantID(266617,213460) APMF:core/CombatBehaviorRE.h:231",0x18E20E8,0x19606B0,EXACT,rtti:vtable,"exact RTTI class .?AV?$CombatBehaviorTreeNodeObject@VCombatBehaviorTakeoff@@@@, base subobject (primary) (found by BaseClassDescriptor displacement, not by raw offset) unique in both images; COL/TD chain verified (sig=1, pSelf); L1-anchored slots consistent 2/2; class hierarchy identical (3 bases)",pass
213338,id,ours,"VariantID(266500,213338) APMF:core/CombatBehaviorRE.h:232",0x18E1000,0x195F5C8,EXACT,rtti:vtable,"exact RTTI class .?AV?$CombatBehaviorTreeNodeObject@VCombatBehaviorTrackTarget@@@@, base subobject (primary) (found by BaseClassDescriptor displacement, not by raw offset) unique in both images; COL/TD chain verified (sig=1, pSelf); L1-anchored slots consistent 3/3; class hierarchy identical (3 bases)",pass
214382,id,ours,"VariantID(267193,214382) APMF:core/CombatBehaviorRE.h:233",0x18E8BD0,0x19671C0,EXACT,rtti:vtable,"exact RTTI class .?AV?$CombatBehaviorTreeNodeObject@VCombatBehaviorWaitBehindCover@@@@, base subobject (primary) (found by BaseClassDescriptor displacement, not by raw offset) unique in both images; COL/TD chain verified (sig=1, pSelf); L1-anchored slots consistent 5/5; class hierarchy identical (3 bases)",pass
214189,id,ours,"VariantID(267082,214189) APMF:core/CombatBehaviorRE.h:258",0x18E7718,0x1965D08,EXACT,rtti:vtable,"exact RTTI class .?AV?$CombatBehaviorTreeNodeObject1@VCombatBehaviorSearch@@W4COMBAT_SEARCH_PRIORITY@@@@, base subobject (primary) (found by BaseClassDescriptor displacement, not by raw offset) unique in both images; COL/TD chain verified (sig=1, pSelf); L1-anchored slots consistent 3/3; class hierarchy identical (3 bases)",pass
214215,id,ours,"VariantID(267084,214215) APMF:core/CombatBehaviorRE.h:259",0x18E7878,0x1965E68,EXACT,rtti:vtable,"exact RTTI class .?AV?$CombatBehaviorTreeNodeObject1@VCombatBehaviorSearchCenter@@W4COMBAT_SEARCH_PRIORITY@@@@, base subobject (primary) (found by BaseClassDescriptor displacement, not by raw offset) unique in both images; COL/TD chain verified (sig=1, pSelf); L1-anchored slots consistent 1/1; class hierarchy identical (3 bases)",pass
214176,id,ours,"VariantID(267081,214176) APMF:core/CombatBehaviorRE.h:260",0x18E7668,0x1965C58,EXACT,rtti:vtable,"exact RTTI class .?AV?$CombatBehaviorTreeNodeObject1@VCombatBehaviorSearchLocation@@W4COMBAT_SEARCH_PRIORITY@@@@, base subobject (primary) (found by BaseClassDescriptor displacement, not by raw offset) unique in both images; COL/TD chain verified (sig=1, pSelf); L1-anchored slots consistent 5/5; class hierarchy identical (3 bases)",pass
214202,id,ours,"VariantID(267083,214202) APMF:core/CombatBehaviorRE.h:261",0x18E77C8,0x1965DB8,EXACT,rtti:vtable,"exact RTTI class .?AV?$CombatBehaviorTreeNodeObject1@VCombatBehaviorSearchWander@@W4COMBAT_SEARCH_PRIORITY@@@@, base subobject (primary) (found by BaseClassDescriptor displacement, not by raw offset) unique in both images; COL/TD chain verified (sig=1, pSelf); L1-anchored slots consistent 1/1; class hierarchy identical (3 bases)",pass
213692,id,ours,"VariantID(266702,213692) APMF:core/CombatBehaviorRE.h:296",0x18E35A8,0x1961B70,EXACT,rtti:vtable,"exact RTTI class .?AV?$CombatBehaviorTreeCreateContextNode1@VCombatBehaviorContextMagic@@V?$CombatBehaviorExpression@V?$CombatBehaviorMemberFunc@VCombatBehaviorEquipContext@@P81@EBAAEBV?$NiPointer@VCombatInventoryItem@@@@XZ@@@@@@, base subobject (primary) (found by BaseClassDescriptor displacement, not by raw offset) unique in both images; COL/TD chain verified (sig=1, pSelf); L1-anchored slots consistent 5/5; class hierarchy identical (3 bases)",pass
213681,id,ours,"VariantID(550933,213681) APMF:core/CombatBehaviorRE.h:298",0x18E3550,0x1961B18,EXACT,rtti:vtable,"exact RTTI class .?AV?$CombatBehaviorTreeCreateContextNodeBase@VCombatBehaviorContextMagic@@@@, base subobject (primary) (found by BaseClassDescriptor displacement, not by raw offset) unique in both images; COL/TD chain verified (sig=1, pSelf); L1-anchored slots consistent 4/4; class hierarchy identical (2 bases)",pass
13723,id,cl+ours,"RelocationID(13625,13723) APMF:core/PositionCast.cpp:489 ; RelocationID(13625,13723) CL TESDataHandler::CreateReferenceAtLocation [MFO] src/RE/T/TESDataHandler.cpp:173 ; RelocationID(13625,13723) CL TESDataHandler::CreateReferenceAtLocation [APMF] src/RE/T/TESDataHandler.cpp:173",0x1B6C10,0x1BC1C0,UNIQUE-SIG,sig:L1-body,"masked-byte head region (2717 B, 2253 fixed, 671 insn) hits exactly once in 1.7.104 .text (at 0x1BC1C0) and exactly once in 1.6.1170 .text; callees 29/29 ordered; rev-callees 29/29; callers 12/12; identical-caller sites 12 agree; neighbour-delta hint +0 B (hint only)",pass
13322,id,cl+ours,"RelocationID(13177,13322) APMF:core/PositionCast.cpp:491 ; RelocationID(13177,13322) APMF:channels/Travel.cpp:2117 ; RelocationID(13177,13322) CL TES::GetCell [MFO] src/RE/T/TES.cpp:97 ; RelocationID(13177,13322) CL TES::GetCell [APMF] src/RE/T/TES.cpp:97",0x19E850,0x1A3C60,UNIQUE-SIG,sig:L1-body,"masked-byte head region (136 B, 128 fixed, 38 insn) hits exactly once in 1.7.104 .text (at 0x1A3C60) and exactly once in 1.6.1170 .text; callees 1/1 ordered; rev-callees 1/1; callers 2/2; identical-caller sites 2 agree; neighbour-delta hint +0 B (hint only)",pass
34408,id,cl+ours,"RelocationID(33630,34408) APMF:core/PositionCast.cpp:493 ; RelocationID(33630,34408) CL MagicCaster::InterruptCast [MFO] src/RE/M/MagicCaster.cpp:37 ; RelocationID(33630,34408) CL MagicCaster::InterruptCast [APMF] src/RE/M/MagicCaster.cpp:37",0x5BBFA0,0x5CAAE0,UNIQUE-SIG,sig:L1-body,"masked-byte head region (104 B, 88 fixed, 30 insn) hits exactly once in 1.7.104 .text (at 0x5CAAE0) and exactly once in 1.6.1170 .text; callees 4/4 ordered; rev-callees 4/4; callers 20/20; identical-caller sites 22 agree; neighbour-delta hint +0 B (hint only)",pass
190259,vtable,ours,VTABLE_TESObjectREFR[0] APMF:core/PositionCast.cpp:495,0x17AE180,0x18277C0,EXACT,rtti:vtable,"exact RTTI class .?AVTESObjectREFR@@, base subobject (primary) (found by BaseClassDescriptor displacement, not by raw offset) unique in both images; COL/TD chain verified (sig=1, pSelf); L1-anchored slots consistent 67/67; class hierarchy identical (7 bases)",pass
190261,vtable,ours,VTABLE_TESObjectREFR[1] APMF:core/PositionCast.cpp:495,0x17AE698,0x1827CD8,EXACT,rtti:vtable,"exact RTTI class .?AVTESObjectREFR@@, base subobject .?AVBSHandleRefObject@@ (found by BaseClassDescriptor displacement, not by raw offset) unique in both images; COL/TD chain verified (sig=1, pSelf); L1-anchored slots consistent 1/1; class hierarchy identical (7 bases)",pass
190263,vtable,ours,VTABLE_TESObjectREFR[2] APMF:core/PositionCast.cpp:495,0x17AE6B0,0x1827CF0,EXACT,rtti:vtable,"exact RTTI class .?AVTESObjectREFR@@, base subobject .?AV?$BSTEventSink@UBSAnimationGraphEvent@@@@ (found by BaseClassDescriptor displacement, not by raw offset) unique in both images; COL/TD chain verified (sig=1, pSelf); L1-anchored slots consistent 2/2; class hierarchy identical (7 bases)",pass
190265,vtable,ours,VTABLE_TESObjectREFR[3] APMF:core/PositionCast.cpp:495,0x17AE6C8,0x1827D08,EXACT,rtti:vtable,"exact RTTI class .?AVTESObjectREFR@@, base subobject .?AVIAnimationGraphManagerHolder@@ (found by BaseClassDescriptor displacement, not by raw offset) unique in both images; COL/TD chain verified (sig=1, pSelf); L1-anchored slots consistent 7/7; class hierarchy identical (7 bases)",pass
206005,vtable,ours,VTABLE_NonActorMagicCaster[0] APMF:core/PositionCast.cpp:497,0x187F358,0x18F9CE0,EXACT,rtti:vtable,"exact RTTI class .?AVNonActorMagicCaster@@, base subobject (primary) (found by BaseClassDescriptor displacement, not by raw offset) unique in both images; COL/TD chain verified (sig=1, pSelf); L1-anchored slots consistent 2/2; class hierarchy identical (4 bases)",pass
206007,vtable,ours,VTABLE_NonActorMagicCaster[1] APMF:core/PositionCast.cpp:497,0x187F378,0x18F9D00,EXACT,rtti:vtable,"exact RTTI class .?AVNonActorMagicCaster@@, base subobject .?AVMagicCaster@@ (found by BaseClassDescriptor displacement, not by raw offset) unique in both images; COL/TD chain verified (sig=1, pSelf); L1-anchored slots consistent 12/12; class hierarchy identical (4 bases)",pass
47496,id,ours,"RelocationID(46240,47496) APMF:core/ActionGate.cpp:1172",0x85E0A0,0x8732D0,UNIQUE-SIG,sig:L1-body(short),"masked-byte head region (19 B, 19 fixed, 5 insn) hits exactly once in 1.7.104 .text (at 0x8732D0) and exactly once in 1.6.1170 .text (short body, accepted only because crosscheck passes); callees 0/0 ordered; rev-callees 0/0; callers 45/45; identical-caller sites 92 agree; neighbour-delta hint +0 B (hint only)",pass
47484,id,ours,"RelocationID(46229,47484) APMF:core/ActionGate.cpp:1173",0x85DD70,0x872FA0,UNIQUE-SIG,sig:L1-body,"masked-byte head region (34 B, 34 fixed, 7 insn) hits exactly once in 1.7.104 .text (at 0x872FA0) and exactly once in 1.6.1170 .text; callees 0/0 ordered; rev-callees 0/0; callers 48/48; identical-caller sites 127 agree; neighbour-delta hint +0 B (hint only)",pass
210297,vtable,ours,VTABLE_CombatInventoryItemMelee[0] APMF:core/ActionGate.cpp:1319 ; VTABLE_CombatInventoryItemMelee[0] APMF:core/AiCastSeats.cpp:382,0x18C9028,0x19475C8,EXACT,rtti:vtable,"exact RTTI class .?AVCombatInventoryItemMelee@@, base subobject (primary) (found by BaseClassDescriptor displacement, not by raw offset) unique in both images; COL/TD chain verified (sig=1, pSelf); L1-anchored slots consistent 5/5; class hierarchy identical (4 bases)",pass
210299,vtable,ours,VTABLE_CombatInventoryItemRanged[0] APMF:core/ActionGate.cpp:1319 ; VTABLE_CombatInventoryItemRanged[0] APMF:core/AiCastSeats.cpp:383,0x18C90D8,0x1947678,EXACT,rtti:vtable,"exact RTTI class .?AVCombatInventoryItemRanged@@, base subobject (primary) (found by BaseClassDescriptor displacement, not by raw offset) unique in both images; COL/TD chain verified (sig=1, pSelf); L1-anchored slots consistent 6/6; class hierarchy identical (5 bases)",pass
210301,vtable,ours,VTABLE_CombatInventoryItemShield[0] APMF:core/ActionGate.cpp:1320 ; VTABLE_CombatInventoryItemShield[0] APMF:core/AiCastSeats.cpp:384,0x18C9188,0x1947728,EXACT,rtti:vtable,"exact RTTI class .?AVCombatInventoryItemShield@@, base subobject (primary) (found by BaseClassDescriptor displacement, not by raw offset) unique in both images; COL/TD chain verified (sig=1, pSelf); L1-anchored slots consistent 3/3; class hierarchy identical (4 bases)",pass
210305,vtable,ours,VTABLE_CombatInventoryItemTorch[0] APMF:core/ActionGate.cpp:1320 ; VTABLE_CombatInventoryItemTorch[0] APMF:core/AiCastSeats.cpp:385,0x18C92E8,0x1947888,EXACT,rtti:vtable,"exact RTTI class .?AVCombatInventoryItemTorch@@, base subobject (primary) (found by BaseClassDescriptor displacement, not by raw offset) unique in both images; COL/TD chain verified (sig=1, pSelf); L1-anchored slots consistent 4/4; class hierarchy identical (4 bases)",pass
395744,rtti,ours,RTTI_CombatMagicCaster APMF:core/CastSeats.cpp:537 ; RTTI_CombatMagicCaster APMF:core/AiCastSeats.cpp:1359 ; RTTI_CombatMagicCaster APMF:core/CasterTypeCensus.cpp:517,0x208C578,0x2132BE8,EXACT,rtti:typedescriptor,"exact mangled name .?AVCombatMagicCaster@@, one TypeDescriptor in each image",na
210081,vtable,ours,VTABLE_CombatProjectileAimController[0] APMF:core/CastSeats.cpp:561,0x18C59A8,0x1943F48,EXACT,rtti:vtable,"exact RTTI class .?AVCombatProjectileAimController@@, base subobject (primary) (found by BaseClassDescriptor displacement, not by raw offset) unique in both images; COL/TD chain verified (sig=1, pSelf); L1-anchored slots consistent 9/9; class hierarchy identical (5 bases)",pass
395363,rtti,ours,RTTI_CombatAimController APMF:core/CastSeats.cpp:562,0x207D000,0x2121300,EXACT,rtti:typedescriptor,"exact mangled name .?AVCombatAimController@@, one TypeDescriptor in each image",na
393096,rtti,ours,RTTI_MagicCaster APMF:core/CastGate.cpp:261,0x2044D78,0x20E8608,EXACT,rtti:typedescriptor,"exact mangled name .?AVMagicCaster@@, one TypeDescriptor in each image",na
37401,id,cl+ours,"RelocationID(36407,37401) APMF:core/PackageGate.cpp:346 ; RelocationID(36407,37401) CL Actor::EvaluatePackage [MFO] src/RE/A/Actor.cpp:251 ; RelocationID(36407,37401) CL Actor::EvaluatePackage [APMF] src/RE/A/Actor.cpp:251",0x66CCF0,0x67F7B0,UNIQUE-SIG,sig:L1-body,"masked-byte head region (1187 B, 935 fixed, 277 insn) hits exactly once in 1.7.104 .text (at 0x67F7B0) and exactly once in 1.6.1170 .text; callees 8/8 ordered; rev-callees 8/8; callers 12/12; identical-caller sites 13 agree; neighbour-delta hint +0 B (hint only)",pass
211222,vtable,ours,VTABLE_CombatMagicCasterArmor[0] APMF:core/CasterTypeCensus.cpp:94,0x18CD4D0,0x194BCF0,EXACT,rtti:vtable,"exact RTTI class .?AVCombatMagicCasterArmor@@, base subobject (primary) (found by BaseClassDescriptor displacement, not by raw offset) unique in both images; COL/TD chain verified (sig=1, pSelf); L1-anchored slots consistent 4/4; class hierarchy identical (4 bases)",pass
14288,id,cl+ours,"RelocationID(14180,14288) APMF:channels/Travel.cpp:2112 ; RelocationID(14180,14288) CL BGSOpenCloseForm::GetOpenState [APMF] src/RE/B/BGSOpenCloseForm.cpp:5",0x1D4A50,0x1DA110,UNIQUE-SIG,sig:prefix,first-10-instruction masked prefix unique in AE and 1.7; size 333 vs 333; callees 2/2 ordered; rev-callees 2/2; callers 13/13; identical-caller sites 13 agree; neighbour-delta hint +0 B (hint only),pass
14298,id,cl+ours,"RelocationID(14108,14298) APMF:channels/Travel.cpp:2114 ; RelocationID(14108,14298) CL ScriptEventSourceHolder::GetSingleton [MFO] src/RE/S/ScriptEventSourceHolder.cpp:9 ; RelocationID(14108,14298) CL ScriptEventSourceHolder::GetSingleton [APMF] src/RE/S/ScriptEventSourceHolder.cpp:9",0x1D5230,0x1DA8F0,XREF,xref:identical-caller,"113 caller(s) whose masked bytes are identical in both images (0x1A870->0x1A870 call@+0x14, 0x1D42F0->0x1D99B0 call@+0x225, 0x1D42F0->0x1D99B0 call@+0x35E, 0x22B7E0->0x2310F0 call@+0x76) make the call at the same offset, to 0x1DA8F0; no conflicting caller; size 133 vs 133; callees 3/3 ordered; rev-callees 3/3; callers 57/57; identical-caller sites 113 agree; neighbour-delta hint +0 B (hint only)",pass
232870,vtable,ours,VTABLE_BShkbAnimationGraph[0] APMF:channels/Travel.cpp:2138 ; VTABLE_BShkbAnimationGraph[0] APMF:channels/Idle.cpp:1122,0x19881F8,0x1A07D78,EXACT,rtti:vtable,"exact RTTI class .?AVBShkbAnimationGraph@@, base subobject (primary) (found by BaseClassDescriptor displacement, not by raw offset) unique in both images; COL/TD chain verified (sig=1, pSelf); L1-anchored slots consistent 13/13; class hierarchy identical (5 bases)",pass
220287,vtable,ours,VTABLE_hkbBehaviorGraph[0] APMF:channels/Travel.cpp:2139 ; VTABLE_hkbBehaviorGraph[0] APMF:channels/Idle.cpp:1123,0x1941450,0x19C09F0,EXACT,rtti:vtable,"exact RTTI class .?AVhkbBehaviorGraph@@, base subobject (primary) (found by BaseClassDescriptor displacement, not by raw offset) unique in both images; COL/TD chain verified (sig=1, pSelf); L1-anchored slots consistent 7/7; class hierarchy identical (6 bases)",pass
226812,vtable,ours,VTABLE_hkbStateMachine[0] APMF:channels/Travel.cpp:2140 ; VTABLE_hkbStateMachine[0] APMF:channels/Idle.cpp:1124,0x1964250,0x19E37F0,EXACT,rtti:vtable,"exact RTTI class .?AVhkbStateMachine@@, base subobject (primary) (found by BaseClassDescriptor displacement, not by raw offset) unique in both images; COL/TD chain verified (sig=1, pSelf); L1-anchored slots consistent 16/16; class hierarchy identical (6 bases)",pass
39256,id,cl+ours,"RelocationID(38290,39256) APMF:channels/Idle.cpp:1097 ; RelocationID(38290,39256) CL AIProcess::SetupSpecialIdle [MFO] src/RE/A/AIProcess.cpp:227 ; RelocationID(38290,39256) CL AIProcess::SetupSpecialIdle [APMF] src/RE/A/AIProcess.cpp:227",0x6DDE70,0x6F0A20,UNIQUE-SIG,sig:L1-body,"masked-byte head region (1024 B, 868 fixed, 263 insn) hits exactly once in 1.7.104 .text (at 0x6F0A20) and exactly once in 1.6.1170 .text; callees 9/9 ordered; rev-callees 9/9; callers 23/23; identical-caller sites 23 agree; neighbour-delta hint +0 B (hint only)",pass
212096,vtable,ours,VTABLE_CombatTargetSelectorStandard[0] APMF:channels/TargetPin.cpp:546,0x18D7388,0x1955950,EXACT,rtti:vtable,"exact RTTI class .?AVCombatTargetSelectorStandard@@, base subobject (primary) (found by BaseClassDescriptor displacement, not by raw offset) unique in both images; COL/TD chain verified (sig=1, pSelf); L1-anchored slots consistent 5/5; class hierarchy identical (4 bases)",pass
212098,vtable,ours,VTABLE_CombatTargetSelectorFixed[0] APMF:channels/TargetPin.cpp:547,0x18D73C8,0x1955990,EXACT,rtti:vtable,"exact RTTI class .?AVCombatTargetSelectorFixed@@, base subobject (primary) (found by BaseClassDescriptor displacement, not by raw offset) unique in both images; COL/TD chain verified (sig=1, pSelf); L1-anchored slots consistent 4/4; class hierarchy identical (4 bases)",pass
37489,id,ours,"RelocationID(36490,37489) APMF:channels/MovementDeny.cpp:43",0x6750D0,0x687BA0,UNIQUE-SIG,sig:L1-body,"masked-byte head region (80 B, 64 fixed, 23 insn) hits exactly once in 1.7.104 .text (at 0x687BA0) and exactly once in 1.6.1170 .text; callees 1/1 ordered; rev-callees 1/1; callers 0/0; neighbour-delta hint +0 B (hint only)",pass
37894,id,ours,"RelocationID(36870,37894) APMF:channels/MovementDeny.cpp:55",0x697110,0x6A9C90,UNIQUE-SIG,sig:L1-body,"masked-byte head region (313 B, 293 fixed, 77 insn) hits exactly once in 1.7.104 .text (at 0x6A9C90) and exactly once in 1.6.1170 .text; callees 0/0 ordered; rev-callees 0/0; callers 1/1; identical-caller sites 1 agree; neighbour-delta hint +0 B (hint only)",pass
37895,id,ours,"RelocationID(36871,37895) APMF:channels/MovementDeny.cpp:63",0x697250,0x6A9DD0,UNIQUE-SIG,sig:L1-body,"masked-byte head region (110 B, 106 fixed, 31 insn) hits exactly once in 1.7.104 .text (at 0x6A9DD0) and exactly once in 1.6.1170 .text (no callers/callees/strings to crosscheck; accepted on a >=64 fixed-byte body); callees 0/0 ordered; rev-callees 0/0; callers 0/0; neighbour-delta hint +0 B (hint only)",na
393181,rtti,ours,RTTI_BGSRefAlias skyrim_cast target MFO:Forms.cpp:108 ; RTTI_BGSRefAlias skyrim_cast target MFO:Packages.cpp:271 ; RTTI_BGSRefAlias skyrim_cast target MFO:Packages.cpp:1058 ; RTTI_BGSRefAlias skyrim_cast target MFO:Diagnostics.cpp:1077,0x2046110,0x20E99A0,EXACT,rtti:typedescriptor,"exact mangled name .?AVBGSRefAlias@@, one TypeDescriptor in each image",na
393831,rtti,ours,RTTI_TESCustomPackageData skyrim_cast target MFO:Packages.cpp:375 ; RTTI_TESCustomPackageData skyrim_cast target APMF:PackageData.cpp:136,0x2055C28,0x20F9488,EXACT,rtti:typedescriptor,"exact mangled name .?AVTESCustomPackageData@@, one TypeDescriptor in each image",na
394398,rtti,ours,RTTI_SummonCreatureEffect skyrim_cast target MFO:Summon.cpp:42 ; RTTI_SummonCreatureEffect skyrim_cast target MFO:Summon.cpp:162 ; RTTI_SummonCreatureEffect skyrim_cast target MFO:Summon.cpp:219 ; RTTI_SummonCreatureEffect skyrim_cast target MFO:SummonProbe.cpp:102 ; RTTI_SummonCreatureEffect skyrim_cast target MFO:SummonProbe.cpp:144,0x2061200,0x2104B30,EXACT,rtti:typedescriptor,"exact mangled name .?AVSummonCreatureEffect@@, one TypeDescriptor in each image",na
394379,rtti,ours,RTTI_ReanimateEffect skyrim_cast target MFO:Summon.cpp:43,0x2060DB8,0x21046E8,EXACT,rtti:typedescriptor,"exact mangled name .?AVReanimateEffect@@, one TypeDescriptor in each image",na
398897,rtti,ours,RTTI_BSScaleformTranslator skyrim_cast target MFO:Strings.cpp:98,0x20CD4C0,0x2171C50,EXACT,rtti:typedescriptor,"exact mangled name .?AVBSScaleformTranslator@@, one TypeDescriptor in each image",na
392219,rtti,ours,RTTI_MagicItem skyrim_cast target APMF:EquipGate.cpp:403 ; RTTI_MagicItem skyrim_cast target APMF:EquipGate.cpp:446,0x20381D0,0x20DBA60,EXACT,rtti:typedescriptor,"exact mangled name .?AVMagicItem@@, one TypeDescriptor in each image",na
38894,id,cl+ours,APMF EquipSink kSitesAE EquipObject (E8 at +0x170) ; Offset::ActorEquipManager::EquipObject CL ActorEquipManager::EquipObject [MFO] src/RE/A/ActorEquipManager.cpp:11 ; Offset::ActorEquipManager::EquipObject CL ActorEquipManager::EquipObject [APMF] src/RE/A/ActorEquipManager.cpp:11,0x6C9820,0x6DC310,UNIQUE-SIG,sig:L1-body,"masked-byte head region (461 B, 377 fixed, 117 insn) hits exactly once in 1.7.104 .text (at 0x6DC310) and exactly once in 1.6.1170 .text; callees 3/3 ordered; rev-callees 3/3; callers 18/18; identical-caller sites 18 agree; call-site +0x170: AE E8 -> 0x6CBE30, 1.7 E8 -> 0x6DE920 (callee mapping AGREES); neighbour-delta hint +0 B (hint only)",pass
38893,id,ours,APMF EquipSink kSitesAE EquipObjectList (E8 at +0x0BC),0x6C9730,0x6DC220,UNIQUE-SIG,sig:L1-body,"masked-byte head region (59 B, 47 fixed, 61 insn, function has 3 split regions) hits exactly once in 1.7.104 .text (at 0x6DC220) and exactly once in 1.6.1170 .text; callees 3/3 ordered; rev-callees 3/3; callers 7/7; identical-caller sites 7 agree; call-site +0xBC: AE E8 -> 0x6CBE30, 1.7 E8 -> 0x6DE920 (callee mapping AGREES); neighbour-delta hint +0 B (hint only)",pass
418622,id,ours,APMF EquipSink kPathsAE OutfitApply,0x3BD380,0x3C4440,UNIQUE-SIG,sig:L1-body,"masked-byte head region (30 B, 30 fixed, 553 insn, function has 5 split regions) hits exactly once in 1.7.104 .text (at 0x3C4440) and exactly once in 1.6.1170 .text; callees 24/24 ordered; rev-callees 24/24; callers 8/8; identical-caller sites 8 agree; neighbour-delta hint +0 B (hint only)",pass
19692,id,cl+ours,"APMF EquipSink kPathsAE AddWornOutfit ; RelocationID(19266,19692) CL Actor::AddWornOutfit [APMF] src/RE/A/Actor.cpp:1229",0x2E1B00,0x2E8070,UNIQUE-SIG,sig:L1-body(short),"masked-byte head region (24 B, 20 fixed, 123 insn, function has 4 split regions) hits exactly once in 1.7.104 .text (at 0x2E8070) and exactly once in 1.6.1170 .text (short body, accepted only because crosscheck passes); callees 5/5 ordered; rev-callees 5/5; callers 2/2; identical-caller sites 2 agree; neighbour-delta hint +0 B (hint only)",pass
39649,id,ours,APMF EquipSink kPathsAE AiCommand,0x6FCA70,0x70F670,XREF,xref:graph,16 independent anchors point to the same 1.7 function (runner-up 10): callee 0x49C030->0x4A3550 | callee 0x49C030->0x4A3550 | callee 0x49C030->0x4A3550 | callee 0x49C030->0x4A3550 | callee 0x49C030->0x4A3550 | callee 0x49C030->0x4A3550; callees 43/43 ordered; rev-callees 43/43; callers 0/0; neighbour-delta hint +0 B (hint only),pass
39650,id,ours,APMF EquipSink kPathsAE AiCommand,0x6FD880,0x710480,XREF,xref:graph,30 independent anchors point to the same 1.7 function (runner-up 13): callee 0x2259F0->0x22B2E0 | callee 0x70D570->0x7200B0 | callee 0x49C030->0x4A3550 | callee 0x49C030->0x4A3550 | callee 0x49C030->0x4A3550 | callee 0x49C030->0x4A3550; callees 48/48 ordered; rev-callees 48/48; callers 0/0; neighbour-delta hint +0 B (hint only),pass
37797,id,ours,APMF EquipSink kPathsAE RemoveItemReequip,0x692800,0x6A5370,UNIQUE-SIG,sig:L1-body,"masked-byte head region (347 B, 295 fixed, 82 insn) hits exactly once in 1.7.104 .text (at 0x6A5370) and exactly once in 1.6.1170 .text; callees 5/5 ordered; rev-callees 5/5; callers 0/0; vtable-slot partner agrees; neighbour-delta hint +0 B (hint only)",pass
19689,id,ours,APMF EquipSink kPathsAE RemoveItemReequip,0x2E1750,0x2E7CC0,UNIQUE-SIG,sig:L1-body,"masked-byte head region (167 B, 139 fixed, 115 insn, function has 3 split regions) hits exactly once in 1.7.104 .text (at 0x2E7CC0) and exactly once in 1.6.1170 .text; callees 5/5 ordered; rev-callees 5/5; callers 1/1; identical-caller sites 1 agree; vtable-slot partner agrees; neighbour-delta hint +0 B (hint only)",pass
16059,id,ours,APMF EquipSink kPathsAE RemoveItemReequip,0x228180,0x22DA70,XREF,xref:identical-caller,"11 caller(s) whose masked bytes are identical in both images (0x22B3B0->0x230CC0 call@+0x13A, 0x2344B0->0x239CD0 call@+0x154, 0x2346F0->0x239F10 call@+0x2C5, 0x2346F0->0x239F10 call@+0x37A) make the call at the same offset, to 0x22DA70; no conflicting caller; size 12627 vs 12666; callees 204/204 ordered; rev-callees 204/204; callers 11/11; identical-caller sites 11 agree; neighbour-delta hint -32 B (hint only)",pass
48126,id,ours,APMF EquipSink kPathsAE CombatNode,0x8780B0,0x88D360,UNIQUE-SIG,sig:L1-body,"masked-byte head region (412 B, 372 fixed, 103 insn) hits exactly once in 1.7.104 .text (at 0x88D360) and exactly once in 1.6.1170 .text; callees 2/2 ordered; rev-callees 2/2; callers 0/0; neighbour-delta hint +0 B (hint only)",pass
48124,id,ours,APMF EquipSink kPathsAE CombatNode,0x877D40,0x88CFF0,UNIQUE-SIG,sig:L1-body,"masked-byte head region (626 B, 558 fixed, 158 insn) hits exactly once in 1.7.104 .text (at 0x88CFF0) and exactly once in 1.6.1170 .text; callees 7/7 ordered; rev-callees 7/7; callers 1/1; identical-caller sites 1 agree; neighbour-delta hint +0 B (hint only)",pass
54661,id,ours,APMF EquipSink kPathsAE Script,0x9E7E10,0xA00040,UNIQUE-SIG,sig:L1-body,"masked-byte head region (590 B, 454 fixed, 153 insn) hits exactly once in 1.7.104 .text (at 0xA00040) and exactly once in 1.6.1170 .text; callees 12/12 ordered; rev-callees 12/12; callers 0/0; strings equal(3); neighbour-delta hint +0 B (hint only)",pass
22351,id,ours,APMF EquipSink kPathsAE Console,0x355C70,0x35C2D0,UNIQUE-SIG,sig:L1-body,"masked-byte head region (722 B, 554 fixed, 186 insn) hits exactly once in 1.7.104 .text (at 0x35C2D0) and exactly once in 1.6.1170 .text; callees 13/13 ordered; rev-callees 13/13; callers 0/0; strings equal(1); neighbour-delta hint +0 B (hint only)",pass
29383,id,ours,APMF EquipSink kPathsAE PlayerMenu,0x48A470,0x491990,XREF,xref:identical-caller,"1 caller(s) whose masked bytes are identical in both images (0x48A250->0x491770 call@+0x135) make the call at the same offset, to 0x491990; no conflicting caller; size 7385 vs 7385; callees 55/55 ordered; rev-callees 55/55; callers 1/1; identical-caller sites 1 agree; neighbour-delta hint +0 B (hint only)",pass
29346,id,ours,APMF EquipSink kPathsAE PlayerMenu,0x487CB0,0x48F1D0,XREF,xref:identical-caller,"1 caller(s) whose masked bytes are identical in both images (0x487A80->0x48EFA0 call@+0x140) make the call at the same offset, to 0x48F1D0; no conflicting caller; size 4408 vs 4408; callees 31/31 ordered; rev-callees 31/31; callers 1/1; identical-caller sites 1 agree; neighbour-delta hint +0 B (hint only)",pass
38907,id,ours,APMF EquipSink kPathsAE PlayerMenu,0x6CA610,0x6DD100,UNIQUE-SIG,sig:L1-body,"masked-byte head region (765 B, 625 fixed, 208 insn) hits exactly once in 1.7.104 .text (at 0x6DD100) and exactly once in 1.6.1170 .text; callees 11/11 ordered; rev-callees 11/11; callers 3/3; strings equal(1); identical-caller sites 4 agree; neighbour-delta hint +0 B (hint only)",pass
38913,id,ours,APMF EquipSink kPathsAE WorkerReentry,0x6CACC0,0x6DD7B0,UNIQUE-SIG,sig:L1-body,"masked-byte head region (129 B, 97 fixed, 88 insn, function has 5 split regions) hits exactly once in 1.7.104 .text (at 0x6DD7B0) and exactly once in 1.6.1170 .text; callees 4/4 ordered; rev-callees 4/4; callers 9/9; identical-caller sites 9 agree; neighbour-delta hint +0 B (hint only)",pass
38906,id,ours,APMF EquipSink kPathsAE QueuedApply,0x6CA4D0,0x6DCFC0,UNIQUE-SIG,sig:shape,"instruction-shape (mnemonic+operand kinds, 81 insn) unique among the 92099/93770 indexed functions of AE/1.7 (struct displacements/registers differ); size 307 vs 307; callees 3/3 ordered; rev-callees 3/3; callers 1/1; identical-caller sites 1 agree; neighbour-delta hint +0 B (hint only)",pass
39814,id,ours,APMF EquipSink kPathsAE QueuedApply,0x70E250,0x720D90,UNIQUE-SIG,sig:L1-body,"masked-byte head region (33 B, 29 fixed, 97 insn, function has 5 split regions) hits exactly once in 1.7.104 .text (at 0x720D90) and exactly once in 1.6.1170 .text; callees 3/3 ordered; rev-callees 3/3; callers 2/2; identical-caller sites 2 agree; neighbour-delta hint +0 B (hint only)",pass
39637,id,ours,APMF EquipSink kPathsAE AiCommand,0x6F20A0,0x704C70,XREF,xref:graph,102 independent anchors point to the same 1.7 function (runner-up 27): callee 0x6DE280->0x6F0E30 | callee 0x2EDC50->0x2F41E0 | callee 0x2EDC50->0x2F41E0 | callee 0x2EDC50->0x2F41E0 | callee 0x2EDC50->0x2F41E0 | callee 0x977030->0x98E450; callees 129/129 ordered; rev-callees 129/129; callers 0/0; neighbour-delta hint +0 B (hint only),pass
39948,id,ours,APMF EquipSink kPathsAE AiCommand,0x713A80,0x7265C0,UNIQUE-SIG,sig:L1-body,"masked-byte head region (595 B, 487 fixed, 153 insn) hits exactly once in 1.7.104 .text (at 0x7265C0) and exactly once in 1.6.1170 .text; callees 8/8 ordered; rev-callees 8/8; callers 0/0; neighbour-delta hint +0 B (hint only)",pass
39655,id,ours,APMF EquipSink kPathsAE AiCommand,0x700A50,0x7135D0,UNIQUE-SIG,sig:L1-body,"masked-byte head region (2599 B, 2127 fixed, 667 insn) hits exactly once in 1.7.104 .text (at 0x7135D0) and exactly once in 1.6.1170 .text; callees 21/21 ordered; rev-callees 21/21; callers 0/0; neighbour-delta hint -96 B (hint only)",pass
39645,id,ours,APMF EquipSink kPathsAE AiCommand,0x6FA450,0x70D050,UNIQUE-SIG,sig:L1-body,"masked-byte head region (181 B, 161 fixed, 174 insn, function has 5 split regions) hits exactly once in 1.7.104 .text (at 0x70D050) and exactly once in 1.6.1170 .text; callees 9/9 ordered; rev-callees 9/9; callers 2/2; identical-caller sites 2 agree; neighbour-delta hint +48 B (hint only)",pass
37510,id,ours,APMF EquipSink kPathsAE AiCommand,0x677BE0,0x68A6C0,UNIQUE-SIG,sig:L1-body,"masked-byte head region (606 B, 514 fixed, 151 insn) hits exactly once in 1.7.104 .text (at 0x68A6C0) and exactly once in 1.6.1170 .text; callees 10/10 ordered; rev-callees 10/10; callers 4/4; identical-caller sites 4 agree; neighbour-delta hint +0 B (hint only)",pass
37520,id,ours,APMF EquipSink kPathsAE DropObject,0x6781D0,0x68ACB0,UNIQUE-SIG,sig:L1-body,"masked-byte head region (1053 B, 901 fixed, 282 insn) hits exactly once in 1.7.104 .text (at 0x68ACB0) and exactly once in 1.6.1170 .text; callees 14/14 ordered; rev-callees 14/14; callers 0/0; vtable-slot partner agrees; neighbour-delta hint +0 B (hint only)",pass
37521,id,ours,APMF EquipSink kPathsAE PickUpObject,0x678600,0x68B0E0,UNIQUE-SIG,sig:L1-body,"masked-byte head region (1332 B, 1124 fixed, 342 insn) hits exactly once in 1.7.104 .text (at 0x68B0E0) and exactly once in 1.6.1170 .text; callees 22/22 ordered; rev-callees 22/22; callers 0/0; vtable-slot partner agrees; neighbour-delta hint +0 B (hint only)",pass
38898,id,ours,APMF EquipSink kPathsAE BoundItem,0x6C9B20,0x6DC610,UNIQUE-SIG,sig:L1-body,"masked-byte head region (645 B, 541 fixed, 171 insn) hits exactly once in 1.7.104 .text (at 0x6DC610) and exactly once in 1.6.1170 .text; callees 10/10 ordered; rev-callees 10/10; callers 2/2; identical-caller sites 2 agree; neighbour-delta hint +0 B (hint only)",pass
28422,id,ours,APMF EquipSink kPathsAE ProcedureEat,0x45D840,0x464CF0,UNIQUE-SIG,sig:L1-body,"masked-byte head region (912 B, 632 fixed, 217 insn) hits exactly once in 1.7.104 .text (at 0x464CF0) and exactly once in 1.6.1170 .text; callees 14/14 ordered; rev-callees 14/14; callers 1/1; identical-caller sites 1 agree; neighbour-delta hint +0 B (hint only)",pass
41244,id,ours,APMF EquipSink kPathsAE InventoryReequip,0x764060,0x776D10,UNIQUE-SIG,sig:L1-body,"masked-byte head region (638 B, 506 fixed, 163 insn) hits exactly once in 1.7.104 .text (at 0x776D10) and exactly once in 1.6.1170 .text; callees 10/10 ordered; rev-callees 10/10; callers 2/2; identical-caller sites 2 agree; neighbour-delta hint +0 B (hint only)",pass
38929,id,ours,APMF EquipSink kWorkerAE,0x6CBE30,0x6DE920,UNIQUE-SIG,sig:shape,"instruction-shape (mnemonic+operand kinds, 230 insn) unique among the 92099/93770 indexed functions of AE/1.7 (struct displacements/registers differ); size 858 vs 858; callees 12/12 ordered; rev-callees 12/12; callers 2/2; identical-caller sites 2 agree; neighbour-delta hint +0 B (hint only)",pass
rva:0x8183E0,rva,ours,APMF AiCastSeats Melee calcScore slot 0x0C,0x8183E0,0x82D2C0,UNIQUE-SIG,sig:L1-body,"masked-byte head region (238 B, 222 fixed, 64 insn) hits exactly once in 1.7.104 .text (at 0x82D2C0) and exactly once in 1.6.1170 .text; callees 1/1 ordered; rev-callees 1/1; callers 0/0; vtable-slot partner agrees; neighbour-delta hint +0 B (hint only)",pass
rva:0x8188B0,rva,ours,APMF AiCastSeats Ranged calcScore slot 0x0C,0x8188B0,0x82D790,UNIQUE-SIG,sig:L1-body(short),"masked-byte head region (24 B, 20 fixed, 6 insn) hits exactly once in 1.7.104 .text (at 0x82D790) and exactly once in 1.6.1170 .text (short body, accepted only because crosscheck passes); callees 1/1 ordered; rev-callees 1/1; callers 0/0; vtable-slot partner agrees; neighbour-delta hint +0 B (hint only)",pass
rva:0x818DF0,rva,ours,APMF AiCastSeats Shield calcScore slot 0x0C,0x818DF0,0x82DCD0,UNIQUE-SIG,sig:L1-body,"masked-byte head region (235 B, 223 fixed, 58 insn) hits exactly once in 1.7.104 .text (at 0x82DCD0) and exactly once in 1.6.1170 .text (no callers/callees/strings to crosscheck; accepted on a >=64 fixed-byte body); callees 0/0 ordered; rev-callees 0/0; callers 0/0; neighbour-delta hint +0 B (hint only)",na
rva:0x819480,rva,ours,APMF AiCastSeats Torch calcScore slot 0x0C,0x819480,0x82E360,UNIQUE-SIG,sig:L1-body,"masked-byte head region (178 B, 170 fixed, 47 insn) hits exactly once in 1.7.104 .text (at 0x82E360) and exactly once in 1.6.1170 .text; callees 0/0 ordered; rev-callees 0/0; callers 0/0; vtable-slot partner agrees; neighbour-delta hint +0 B (hint only)",pass
rva:0x817FC0,rva,ours,APMF AiCastSeats kCheckShouldEquipBaseAE,0x817FC0,0x82CEA0,XREF,xref:vtable-slot-or-graph,"derived anchor (equal-length RTTI-exact vtable pair with >=3 L1-anchored slots agreeing and 0 contradictions, or neighbour graph); callees 0/0 ordered; rev-callees 0/0; callers 0/0; vtable-slot partner agrees; neighbour-delta hint +0 B (hint only)",pass
rva:0x80FCD0,rva,ours,APMF EquipGate CallSiteName pre-loop,0x80FCD0,0x824BB0,UNIQUE-SIG,sig:L1-body,"masked-byte head region (929 B, 837 fixed, 230 insn) hits exactly once in 1.7.104 .text (at 0x824BB0) and exactly once in 1.6.1170 .text; callees 4/4 ordered; rev-callees 4/4; callers 2/2; identical-caller sites 2 agree; neighbour-delta hint +0 B (hint only)",pass
rva:0x813AF2,rva,ours,APMF EquipGate CallSiteName selector return address,0x813AF2,0x8289D2,UNIQUE-SIG,sig:shape,"mid-function +0x632 (insn #352) aligned by identical instruction shape; instruction-shape (mnemonic+operand kinds, 1254 insn) unique among the 92099/93770 indexed functions of AE/1.7 (struct displacements/registers differ); size 5416 vs 5416; callees 44/44 ordered; rev-callees 44/44; callers 2/2; identical-caller sites 2 agree; neighbour-delta hint +0 B (hint only)",pass
rva:0x813D38,rva,ours,APMF EquipGate CallSiteName selector return address,0x813D38,0x828C18,UNIQUE-SIG,sig:shape,"mid-function +0x878 (insn #492) aligned by identical instruction shape; instruction-shape (mnemonic+operand kinds, 1254 insn) unique among the 92099/93770 indexed functions of AE/1.7 (struct displacements/registers differ); size 5416 vs 5416; callees 44/44 ordered; rev-callees 44/44; callers 2/2; identical-caller sites 2 agree; neighbour-delta hint +0 B (hint only)",pass
rva:0x814270,rva,ours,APMF EquipGate CallSiteName selector return address,0x814270,0x829150,UNIQUE-SIG,sig:shape,"mid-function +0xDB0 (insn #807) aligned by identical instruction shape; instruction-shape (mnemonic+operand kinds, 1254 insn) unique among the 92099/93770 indexed functions of AE/1.7 (struct displacements/registers differ); size 5416 vs 5416; callees 44/44 ordered; rev-callees 44/44; callers 2/2; identical-caller sites 2 agree; neighbour-delta hint +0 B (hint only)",pass
rva:0x8144B2,rva,ours,APMF EquipGate CallSiteName selector return address,0x8144B2,0x829392,UNIQUE-SIG,sig:shape,"mid-function +0xFF2 (insn #944) aligned by identical instruction shape; instruction-shape (mnemonic+operand kinds, 1254 insn) unique among the 92099/93770 indexed functions of AE/1.7 (struct displacements/registers differ); size 5416 vs 5416; callees 44/44 ordered; rev-callees 44/44; callers 2/2; identical-caller sites 2 agree; neighbour-delta hint +0 B (hint only)",pass
rva:0x81E020,rva,ours,APMF NonAliasProbe/CastSeats GetMagicTarget (CombatMagicCaster slot 0x0A),0x81E020,0x833510,UNIQUE-SIG,sig:L1-body,"masked-byte head region (97 B, 97 fixed, 31 insn) hits exactly once in 1.7.104 .text (at 0x833510) and exactly once in 1.6.1170 .text; callees 0/0 ordered; rev-callees 0/0; callers 0/0; vtable-slot partner agrees; neighbour-delta hint +0 B (hint only)",pass
11141,id,infra,"infra MemoryManager ctor/alloc RELOCATION_ID(11045,11141)",0x11BBA0,0x10B9B0,UNIQUE-SIG,sig:L1-body,"masked-byte head region (59 B, 39 fixed, 16 insn) hits exactly once in 1.7.104 .text (at 0x10B9B0) and exactly once in 1.6.1170 .text; callees 1/1 ordered; rev-callees 1/1; callers 26/26; identical-caller sites 28 agree; neighbour-delta hint -87632 B (hint only)",pass
68115,id,infra,"infra MemoryManager RELOCATION_ID(66859,68115)",0xCC40C0,0xCDE250,XREF,xref:identical-caller,"141 caller(s) whose masked bytes are identical in both images (0x90540->0x90550 call@+0x67, 0x9F930->0xA0470 call@+0x60, 0x10AC10->0x10D710 call@+0x9C, 0x10B6A0->0x10EC50 call@+0x55) make the call at the same offset, to 0xCDE250; no conflicting caller; size 584 vs 583; callees 1/1 ordered; rev-callees 1/1; callers 31/31; identical-caller sites 141 agree; neighbour-delta hint +0 B (hint only)",pass
68117,id,infra,"infra MemoryManager RELOCATION_ID(66861,68117)",0xCC4510,0xCDE6A0,UNIQUE-SIG,sig:L1-body,"masked-byte head region (276 B, 236 fixed, 79 insn) hits exactly once in 1.7.104 .text (at 0xCDE6A0) and exactly once in 1.6.1170 .text; callees 2/2 ordered; rev-callees 2/2; callers 22/22; identical-caller sites 120 agree; neighbour-delta hint +0 B (hint only)",pass
68088,id,infra,"infra MemoryManager RELOCATION_ID(66841,68088)",0xCC3660,0xCDD7E0,UNIQUE-SIG,sig:L1-body,"masked-byte head region (245 B, 225 fixed, 53 insn) hits exactly once in 1.7.104 .text (at 0xCDD7E0) and exactly once in 1.6.1170 .text; callees 1/1 ordered; rev-callees 1/1; callers 54/54; identical-caller sites 167 agree; neighbour-delta hint +0 B (hint only)",pass
68116,id,infra,"infra MemoryManager RELOCATION_ID(66860,68116)",0xCC4310,0xCDE4A0,UNIQUE-SIG,sig:L1-body,"masked-byte head region (33 B, 29 fixed, 143 insn, function has 5 split regions) hits exactly once in 1.7.104 .text (at 0xCDE4A0) and exactly once in 1.6.1170 .text; callees 3/3 ordered; rev-callees 3/3; callers 8/8; identical-caller sites 8 agree; neighbour-delta hint +0 B (hint only)",pass
36091,id,infra,"infra MemoryManager RELOCATION_ID(35199,36091)",0x6288D0,0x63B3D0,UNIQUE-SIG,sig:L1-body,"masked-byte head region (176 B, 112 fixed, 41 insn) hits exactly once in 1.7.104 .text (at 0x63B3D0) and exactly once in 1.6.1170 .text; callees 3/3 ordered; rev-callees 3/3; callers 2/2; identical-caller sites 2 agree; neighbour-delta hint +0 B (hint only)",pass
69161,id,infra,"infra BSFixedString RELOCATION_ID(67819,69161)",0xCEC5D0,0xEB0F90,UNIQUE-SIG,sig:L1-body,"masked-byte head region (43 B, 39 fixed, 42 insn, function has 3 split regions) hits exactly once in 1.7.104 .text (at 0xEB0F90) and exactly once in 1.6.1170 .text; callees 1/1 ordered; rev-callees 1/1; callers 0/0; neighbour-delta hint +0 B (hint only)",pass
69176,id,infra,"infra BSFixedString RELOCATION_ID(67834,69176)",0xCECF90,0xEB1950,UNIQUE-SIG,sig:L1-body,"masked-byte head region (28 B, 24 fixed, 54 insn, function has 5 split regions) hits exactly once in 1.7.104 .text (at 0xEB1950) and exactly once in 1.6.1170 .text; callees 1/1 ordered; rev-callees 1/1; callers 0/0; neighbour-delta hint +0 B (hint only)",pass
109689,id,infra,"infra RTDynamicCast RELOCATION_ID(102238,109689)",0x153CF2A,0x15A97DA,EXACT,import:name,import thunk jmp [IAT] for vcruntime140.dll!__RTDynamicCast: the same import has exactly one thunk in each image; neighbour-delta hint -4 B (hint only),na
502114,id,infra,"infra logger path global RELOCATION_ID(508778,502114)",0x20123B0,0x20B5798,XREF,xref:global,"3 mapped referencing function(s) (3 by identical bytes, 0 by ordinal in identical instruction shape; largest 119 insn) read the corresponding rip-relative operand and all agree on 0x20B5798; section .data kept; AE has 6 referencing sites",pass
34061,id,cl,"RelocationID(33286,34061) CL ActiveEffect::Dispel [MFO] src/RE/A/ActiveEffect.cpp:8",0x5AC880,0x5BB3B0,UNIQUE-SIG,sig:L1-body,"masked-byte head region (177 B, 165 fixed, 57 insn) hits exactly once in 1.7.104 .text (at 0x5BB3B0) and exactly once in 1.6.1170 .text; callees 1/1 ordered; rev-callees 1/1; callers 34/34; identical-caller sites 34 agree; neighbour-delta hint +0 B (hint only)",pass
34057,id,cl,"RelocationID(33282,34057) CL ActiveEffect::GetMagnitude [MFO] src/RE/A/ActiveEffect.cpp:48",0x5AC570,0x5BB0A0,UNIQUE-SIG,sig:L1-body,"masked-byte head region (107 B, 103 fixed, 26 insn) hits exactly once in 1.7.104 .text (at 0x5BB0A0) and exactly once in 1.6.1170 .text; callees 1/1 ordered; rev-callees 1/1; callers 36/36; identical-caller sites 36 agree; neighbour-delta hint +0 B (hint only)",pass
38716,id,cl,Offset::Actor::AddSpell CL Actor::AddSpell [MFO] src/RE/A/Actor.cpp:84 ; Offset::Actor::AddSpell CL Actor::AddSpell [APMF] src/RE/A/Actor.cpp:84,0x6C12A0,0x6D3D60,UNIQUE-SIG,sig:L1-body,"masked-byte head region (520 B, 432 fixed, 132 insn) hits exactly once in 1.7.104 .text (at 0x6D3D60) and exactly once in 1.6.1170 .text; callees 7/7 ordered; rev-callees 7/7; callers 7/7; identical-caller sites 7 agree; neighbour-delta hint +0 B (hint only)",pass
38769,id,cl,"RelocationID(37820,38769) CL Actor::DeselectSpell [MFO] src/RE/A/Actor.cpp:204 ; RelocationID(37820,38769) CL Actor::DeselectSpell [APMF] src/RE/A/Actor.cpp:204",0x6C4300,0x6D6DC0,UNIQUE-SIG,sig:L1-body(short),"masked-byte head region (16 B, 12 fixed, 58 insn, function has 4 split regions) hits exactly once in 1.7.104 .text (at 0x6D6DC0) and exactly once in 1.6.1170 .text (short body, accepted only because crosscheck passes); callees 2/2 ordered; rev-callees 2/2; callers 0/0; neighbour-delta hint +0 B (hint only)",pass
40255,id,cl,Offset::Actor::DoReset3D CL Actor::DoReset3D [MFO] src/RE/A/Actor.cpp:225,0x726F10,0x739A40,UNIQUE-SIG,sig:L1-body,"masked-byte head region (452 B, 364 fixed, 124 insn) hits exactly once in 1.7.104 .text (at 0x739A40) and exactly once in 1.6.1170 .text; callees 9/9 ordered; rev-callees 9/9; callers 7/7; identical-caller sites 7 agree; neighbour-delta hint +0 B (hint only)",pass
38469,id,cl,"RelocationID(37524,38469) CL Actor::GetActorValueModifier [MFO] src/RE/A/Actor.cpp:275",0x6B29C0,0x6C5440,UNIQUE-SIG,sig:L1-body,"masked-byte head region (115 B, 111 fixed, 34 insn) hits exactly once in 1.7.104 .text (at 0x6C5440) and exactly once in 1.6.1170 .text; callees 1/1 ordered; rev-callees 1/1; callers 22/22; identical-caller sites 22 agree; neighbour-delta hint +0 B (hint only)",pass
37560,id,cl,"RelocationID(36559,37560) CL Actor::GetCollisionFilterInfo [MFO] src/RE/A/Actor.cpp:337 ; RelocationID(36559,37560) CL Actor::GetCollisionFilterInfo [APMF] src/RE/A/Actor.cpp:337",0x67E120,0x690BE0,UNIQUE-SIG,sig:L1-body,"masked-byte head region (76 B, 72 fixed, 24 insn) hits exactly once in 1.7.104 .text (at 0x690BE0) and exactly once in 1.6.1170 .text; callees 0/0 ordered; rev-callees 0/0; callers 28/28; identical-caller sites 28 agree; neighbour-delta hint +0 B (hint only)",pass
37676,id,cl,"RelocationID(36668,37676) CL Actor::GetFactionRank [MFO] src/RE/A/Actor.cpp:427",0x68A8A0,0x69D3C0,UNIQUE-SIG,sig:L1-body,"masked-byte head region (126 B, 114 fixed, 35 insn) hits exactly once in 1.7.104 .text (at 0x69D3C0) and exactly once in 1.6.1170 .text; callees 1/1 ordered; rev-callees 1/1; callers 5/5; identical-caller sites 5 agree; neighbour-delta hint +0 B (hint only)",pass
37334,id,cl,Offset::Actor::GetLevel CL Actor::GetLevel [MFO] src/RE/A/Actor.cpp:503,0x666D00,0x6797A0,UNIQUE-SIG,sig:L1-body(short),"masked-byte head region (13 B, 9 fixed, 3 insn) hits exactly once in 1.7.104 .text (at 0x6797A0) and exactly once in 1.6.1170 .text (short body, accepted only because crosscheck passes); callees 0/0 ordered; rev-callees 0/0; callers 28/28; identical-caller sites 29 agree; neighbour-delta hint +0 B (hint only)",pass
53829,id,cl,"RelocationID(53029,53829) CL Actor::HasLineOfSight [MFO] src/RE/A/Actor.cpp:659",0x9BA120,0x9D19F0,UNIQUE-SIG,sig:L1-body,"masked-byte head region (71 B, 55 fixed, 20 insn) hits exactly once in 1.7.104 .text (at 0x9D19F0) and exactly once in 1.6.1170 .text; callees 2/2 ordered; rev-callees 2/2; callers 1/1; identical-caller sites 1 agree; neighbour-delta hint +0 B (hint only)",pass
37698,id,cl,Offset::Actor::HasPerk CL Actor::HasPerk [MFO] src/RE/A/Actor.cpp:673 ; Offset::Actor::HasPerk CL Actor::HasPerk [APMF] src/RE/A/Actor.cpp:673,0x68CDF0,0x69F920,XREF,xref:identical-caller,"11 caller(s) whose masked bytes are identical in both images (0x332E80->0x3394E0 call@+0x28, 0x3599B0->0x360010 call@+0x93, 0x961D60->0x9790A0 call@+0xD0, 0x968550->0x97F8B0 call@+0xEF) make the call at the same offset, to 0x69F920; no conflicting caller; size 27 vs 27; callees 1/1 ordered; rev-callees 1/1; callers 11/11; identical-caller sites 11 agree; neighbour-delta hint +0 B (hint only)",pass
38782,id,cl,"RelocationID(37828,38782) CL Actor::HasSpell [MFO] src/RE/A/Actor.cpp:687 ; RelocationID(37828,38782) CL Actor::HasSpell [APMF] src/RE/A/Actor.cpp:687",0x6C4C50,0x6D7710,XREF,xref:identical-caller,"4 caller(s) whose masked bytes are identical in both images (0x918380->0x92E670 call@+0x3D, 0x93A9D0->0x9513D0 call@+0xE8, 0x93A9D0->0x9513D0 call@+0x165, 0x9E7870->0x9FFAA0 call@+0x5A) make the call at the same offset, to 0x6D7710; no conflicting caller; size 56 vs 56; callees 1/1 ordered; rev-callees 1/1; callers 4/4; identical-caller sites 4 agree; neighbour-delta hint +0 B (hint only)",pass
38757,id,cl,"RelocationID(37808,38757) CL Actor::InterruptCast [MFO] src/RE/A/Actor.cpp:694 ; RelocationID(37808,38757) CL Actor::InterruptCast [APMF] src/RE/A/Actor.cpp:694",0x6C3BD0,0x6D6690,UNIQUE-SIG,sig:L1-body,"masked-byte head region (75 B, 71 fixed, 21 insn) hits exactly once in 1.7.104 .text (at 0x6D6690) and exactly once in 1.6.1170 .text; callees 1/1 ordered; rev-callees 1/1; callers 7/7; identical-caller sites 11 agree; neighbour-delta hint +0 B (hint only)",pass
37952,id,cl,"RelocationID(36927,37952) CL Actor::IsBlocking [MFO] src/RE/A/Actor.cpp:735",0x69C3E0,0x6AEF60,UNIQUE-SIG,sig:L1-body,"masked-byte head region (57 B, 53 fixed, 14 insn) hits exactly once in 1.7.104 .text (at 0x6AEF60) and exactly once in 1.6.1170 .text; callees 0/0 ordered; rev-callees 0/0; callers 9/9; identical-caller sites 13 agree; neighbour-delta hint +0 B (hint only)",pass
37275,id,cl,Offset::Actor::GetGhost CL Actor::IsGhost [MFO] src/RE/A/Actor.cpp:780,0x662C90,0x6756B0,UNIQUE-SIG,sig:L1-body,"masked-byte head region (175 B, 159 fixed, 52 insn) hits exactly once in 1.7.104 .text (at 0x6756B0) and exactly once in 1.6.1170 .text; callees 2/2 ordered; rev-callees 2/2; callers 19/19; identical-caller sites 20 agree; neighbour-delta hint +0 B (hint only)",pass
37243,id,cl,"RelocationID(36259,37243) CL Actor::IsInMidair [MFO] src/RE/A/Actor.cpp:806",0x661DD0,0x6747F0,UNIQUE-SIG,sig:L1-body,"masked-byte head region (140 B, 128 fixed, 39 insn) hits exactly once in 1.7.104 .text (at 0x6747F0) and exactly once in 1.6.1170 .text; callees 1/1 ordered; rev-callees 1/1; callers 1/1; identical-caller sites 1 agree; neighbour-delta hint +0 B (hint only)",pass
37491,id,cl,"RelocationID(36492,37491) CL Actor::IsInRagdollState [MFO] src/RE/A/Actor.cpp:813",0x675150,0x687C20,UNIQUE-SIG,sig:L1-body,"masked-byte head region (102 B, 102 fixed, 33 insn) hits exactly once in 1.7.104 .text (at 0x687C20) and exactly once in 1.6.1170 .text; callees 0/0 ordered; rev-callees 0/0; callers 18/18; identical-caller sites 21 agree; neighbour-delta hint +0 B (hint only)",pass
37234,id,cl,Offset::Actor::IsRunning CL Actor::IsRunning [MFO] src/RE/A/Actor.cpp:856,0x661880,0x6742A0,UNIQUE-SIG,sig:shape,"instruction-shape (mnemonic+operand kinds, 58 insn) unique among the 92099/93770 indexed functions of AE/1.7 (struct displacements/registers differ); size 219 vs 219; callees 0/0 ordered; rev-callees 0/0; callers 3/3; identical-caller sites 4 agree; neighbour-delta hint +0 B (hint only)",pass
37735,id,cl,"RelocationID(36723,37735) CL Actor::KillImmediate [MFO] src/RE/A/Actor.cpp:891",0x68E640,0x6A1170,UNIQUE-SIG,sig:L1-body,"masked-byte head region (760 B, 668 fixed, 204 insn) hits exactly once in 1.7.104 .text (at 0x6A1170) and exactly once in 1.6.1170 .text; callees 3/3 ordered; rev-callees 3/3; callers 6/6; identical-caller sites 7 agree; neighbour-delta hint +0 B (hint only)",pass
38781,id,cl,"RelocationID(37827,38781) CL Actor::VisitSpells [MFO] src/RE/A/Actor.cpp:1173",0x6C4AA0,0x6D7560,UNIQUE-SIG,sig:L1-body,"masked-byte head region (418 B, 410 fixed, 136 insn) hits exactly once in 1.7.104 .text (at 0x6D7560) and exactly once in 1.6.1170 .text; callees 1/1 ordered; rev-callees 1/1; callers 4/4; identical-caller sites 5 agree; neighbour-delta hint +0 B (hint only)",pass
38895,id,cl,"RelocationID(37939,38895) CL ActorEquipManager::EquipSpell [MFO] src/RE/A/ActorEquipManager.cpp:25 ; RelocationID(37939,38895) CL ActorEquipManager::EquipSpell [APMF] src/RE/A/ActorEquipManager.cpp:25",0x6C9A00,0x6DC4F0,XREF,xref:identical-caller,"4 caller(s) whose masked bytes are identical in both images (0x6CACC0->0x6DD7B0 call@+0x79, 0x916DE0->0x92D0D0 call@+0xDE, 0x916DE0->0x92D0D0 call@+0x11E, 0xA4E470->0xA66FF0 call@+0x66) make the call at the same offset, to 0x6DC4F0; no conflicting caller; size 92 vs 92; callees 2/2 ordered; rev-callees 2/2; callers 4/4; identical-caller sites 4 agree; neighbour-delta hint +0 B (hint only)",pass
400636,id,cl,Offset::ActorEquipManager::Singleton CL ActorEquipManager::GetSingleton [MFO] src/RE/A/ActorEquipManager.cpp:5 ; Offset::ActorEquipManager::Singleton CL ActorEquipManager::GetSingleton [APMF] src/RE/A/ActorEquipManager.cpp:5,0x30FC678,0x31A42F8,XREF,xref:global,"37 mapped referencing function(s) (34 by identical bytes, 3 by ordinal in identical instruction shape; largest 1675 insn) read the corresponding rip-relative operand and all agree on 0x31A42F8; section .data kept; AE has 118 referencing sites",pass
38901,id,cl,Offset::ActorEquipManager::UnequipObject CL ActorEquipManager::UnequipObject [MFO] src/RE/A/ActorEquipManager.cpp:32 ; Offset::ActorEquipManager::UnequipObject CL ActorEquipManager::UnequipObject [APMF] src/RE/A/ActorEquipManager.cpp:32,0x6CA010,0x6DCB00,UNIQUE-SIG,sig:L1-body,"masked-byte head region (551 B, 455 fixed, 144 insn) hits exactly once in 1.7.104 .text (at 0x6DCB00) and exactly once in 1.6.1170 .text; callees 4/4 ordered; rev-callees 4/4; callers 28/28; identical-caller sites 28 agree; neighbour-delta hint +0 B (hint only)",pass
400267,id,cl,"RelocationID(514139,400267) CL ActorValueList::GetSingleton [MFO] include/RE/A/ActorValueList.h:13",0x20F6310,0x219DEC8,XREF,xref:global,"50 mapped referencing function(s) (48 by identical bytes, 2 by ordinal in identical instruction shape; largest 2829 insn) read the corresponding rip-relative operand and all agree on 0x219DEC8; section .data kept; AE has 52 referencing sites",pass
27284,id,cl,Offset::ActorValueOwner::GetClampedActorValue CL ActorValueOwner::GetClampedActorValue [MFO] src/RE/A/ActorValueOwner.cpp:12,0x43FD00,0x447180,UNIQUE-SIG,sig:L1-body,"masked-byte head region (119 B, 103 fixed, 37 insn) hits exactly once in 1.7.104 .text (at 0x447180) and exactly once in 1.6.1170 .text; callees 0/0 ordered; rev-callees 0/0; callers 5/5; identical-caller sites 5 agree; neighbour-delta hint +0 B (hint only)",pass
383828,id,cl,"RelocationID(510713,383828) CL Allocator::GetSingleton [MFO] include/RE/H/hkContainerAllocators.h:27",0x2019838,0x20BCE08,XREF,xref:global,"37 mapped referencing function(s) (37 by identical bytes, 0 by ordinal in identical instruction shape; largest 625 insn) read the corresponding rip-relative operand and all agree on 0x20BCE08; section .data kept; AE has 6231 referencing sites",pass
20913,id,cl,Offset::BGSListForm::AddForm CL BGSListForm::AddForm [MFO] src/RE/B/BGSListForm.cpp:5,0x319E20,0x320480,UNIQUE-SIG,sig:L1-body,"masked-byte head region (457 B, 377 fixed, 124 insn) hits exactly once in 1.7.104 .text (at 0x320480) and exactly once in 1.6.1170 .text; callees 3/3 ordered; rev-callees 3/3; callers 2/2; identical-caller sites 2 agree; neighbour-delta hint +0 B (hint only)",pass
27263,id,cl,Offset::BGSSkillPerkTreeNode::Ctor CL BGSSkillPerkTreeNode::BGSSkillPerkTreeNode [MFO] src/RE/B/BGSSkillPerkTreeNode.cpp:5,0x43F4A0,0x446920,UNIQUE-SIG,sig:L1-body,"masked-byte head region (148 B, 128 fixed, 39 insn) hits exactly once in 1.7.104 .text (at 0x446920) and exactly once in 1.6.1170 .text; callees 0/0 ordered; rev-callees 0/0; callers 2/2; identical-caller sites 2 agree; neighbour-delta hint +0 B (hint only)",pass
67666,id,cl,Offset::BSAudioManager::BuildSoundDataFromDescriptor CL BSAudioManager::BuildSoundDataFromDescriptor [MFO] src/RE/B/BSAudioManager.cpp:29,0xCB11A0,0xCCB320,UNIQUE-SIG,sig:L1-body,"masked-byte head region (500 B, 440 fixed, 118 insn) hits exactly once in 1.7.104 .text (at 0xCCB320) and exactly once in 1.6.1170 .text; callees 5/5 ordered; rev-callees 5/5; callers 30/30; identical-caller sites 33 agree; neighbour-delta hint +0 B (hint only)",pass
67652,id,cl,Offset::BSAudioManager::GetSingleton CL BSAudioManager::GetSingleton [MFO] src/RE/B/BSAudioManager.cpp:10,0xCB0490,0xCCA610,XREF,xref:identical-caller,"164 caller(s) whose masked bytes are identical in both images (0x1EF040->0x1F4700 call@+0x3DB, 0x21AD10->0x2205F0 call@+0x40C, 0x27CCC0->0x282480 call@+0x90, 0x2D99A0->0x2DFEF0 call@+0x162) make the call at the same offset, to 0xCCA610; no conflicting caller; size 8 vs 8; callees 0/0 ordered; rev-callees 0/0; callers 50/50; identical-caller sites 164 agree; neighbour-delta hint +0 B (hint only)",pass
388468,id,cl,"RelocationID(511903,388468) CL BSGamepadDevice::BSGamepadDevice [MFO] src/RE/B/BSGamepadDevice.cpp:5",0x2029788,0x20CCD70,XREF,xref:global,"1 mapped referencing function(s) (0 by identical bytes, 1 by ordinal in identical instruction shape; largest 65 insn) read the corresponding rip-relative operand and all agree on 0x20CCD70; section .data kept; AE has 1 referencing sites",na
68745,id,cl,"RelocationID(67438,68745) CL BSInputDevice::LoadControlsDefinitionFile [MFO] src/RE/B/BSInputDevice.cpp:35",0xCDCBD0,0xD6EFD0,UNIQUE-SIG,sig:L1-body,"masked-byte head region (262 B, 226 fixed, 67 insn) hits exactly once in 1.7.104 .text (at 0xD6EFD0) and exactly once in 1.6.1170 .text; callees 6/6 ordered; rev-callees 6/6; callers 4/4; identical-caller sites 5 agree; neighbour-delta hint +0 B (hint only)",pass
402776,id,cl,Offset::BSInputDeviceManager::Singleton CL BSInputDeviceManager::GetSingleton [MFO] src/RE/B/BSInputDeviceManager.cpp:13 ; Offset::BSInputDeviceManager::Singleton CL BSInputDeviceManager::GetSingleton [APMF] src/RE/B/BSInputDeviceManager.cpp:13,0x315CEA0,0x3204B30,XREF,xref:global,"48 mapped referencing function(s) (42 by identical bytes, 6 by ordinal in identical instruction shape; largest 960 insn) read the corresponding rip-relative operand and all agree on 0x3204B30; section .data kept; AE has 118 referencing sites",pass
407374,id,cl,"RelocationID(520856,407374) CL BSInputEventQueue::GetSingleton [MFO] src/RE/B/BSInputEventQueue.cpp:5",0x31B1468,0x325A7D8,XREF,xref:global,"11 mapped referencing function(s) (10 by identical bytes, 1 by ordinal in identical instruction shape; largest 245 insn) read the corresponding rip-relative operand and all agree on 0x325A7D8; section .data kept; AE has 20 referencing sites",pass
68233,id,cl,Offset::BSReadWriteLock::LockForRead CL BSReadWriteLock::LockForRead [MFO] src/RE/B/BSAtomic.cpp:117 ; Offset::BSReadWriteLock::LockForRead CL BSReadWriteLock::LockForRead [APMF] src/RE/B/BSAtomic.cpp:117,0xCC90C0,0xCE3250,UNIQUE-SIG,sig:L1-body,"masked-byte head region (112 B, 104 fixed, 35 insn) hits exactly once in 1.7.104 .text (at 0xCE3250) and exactly once in 1.6.1170 .text; callees 0/0 ordered; rev-callees 0/0; callers 47/47; identical-caller sites 171 agree; neighbour-delta hint +0 B (hint only)",pass
68239,id,cl,Offset::BSReadWriteLock::UnlockForRead CL BSReadWriteLock::UnlockForRead [MFO] src/RE/B/BSAtomic.cpp:124 ; Offset::BSReadWriteLock::UnlockForRead CL BSReadWriteLock::UnlockForRead [APMF] src/RE/B/BSAtomic.cpp:124,0xCC9380,0xCE3510,XREF,xref:identical-caller,"171 caller(s) whose masked bytes are identical in both images (0x152000->0x157590 call@+0x7E, 0x152000->0x157590 call@+0xEA, 0x152160->0x1576F0 call@+0xAD, 0x152160->0x1576F0 call@+0x11E) make the call at the same offset, to 0xCE3510; no conflicting caller; size 5 vs 5; callees 0/0 ordered; rev-callees 0/0; callers 47/47; identical-caller sites 171 agree; neighbour-delta hint +0 B (hint only)",pass
71014,id,cl,Offset::BSResourceNiBinaryStream::Ctor CL BSResourceNiBinaryStream::ctor [MFO] src/RE/B/BSResourceNiBinaryStream.cpp:59,0xD3C790,0xF011E0,UNIQUE-SIG,sig:L1-body,"masked-byte head region (259 B, 239 fixed, 69 insn) hits exactly once in 1.7.104 .text (at 0xF011E0) and exactly once in 1.6.1170 .text; callees 1/1 ordered; rev-callees 1/1; callers 6/6; identical-caller sites 6 agree; neighbour-delta hint +0 B (hint only)",pass
402775,id,cl,"RelocationID(516573,402775) CL BSScaleformManager::GetSingleton [MFO] src/RE/B/BSScaleformManager.cpp:12",0x35F11C8,0x369B060,XREF,xref:global,"46 mapped referencing function(s) (43 by identical bytes, 3 by ordinal in identical instruction shape; largest 815 insn) read the corresponding rip-relative operand and all agree on 0x369B060; section .data kept; AE has 105 referencing sites",pass
69188,id,cl,Offset::BSScaleformTranslator::GetCachedString CL BSScaleformTranslator::GetCachedString [MFO] src/RE/B/BSScaleformTranslator.cpp:5,,,UNRESOLVED,,id not in 1.6.1170 library,na
67616,id,cl,Offset::BSSoundHandle::Play CL BSSoundHandle::Play [MFO] src/RE/B/BSSoundHandle.cpp:78,0xCAF450,0xCC95D0,UNIQUE-SIG,sig:L1-body,"masked-byte head region (51 B, 43 fixed, 18 insn) hits exactly once in 1.7.104 .text (at 0xCC95D0) and exactly once in 1.6.1170 .text; callees 1/1 ordered; rev-callees 1/1; callers 47/47; identical-caller sites 56 agree; neighbour-delta hint +0 B (hint only)",pass
67636,id,cl,Offset::BSSoundHandle::SetObjectToFollow CL BSSoundHandle::SetObjectToFollow [MFO] src/RE/B/BSSoundHandle.cpp:57,0xCAFA30,0xCC9BB0,UNIQUE-SIG,sig:L1-body,"masked-byte head region (86 B, 74 fixed, 27 insn) hits exactly once in 1.7.104 .text (at 0xCC9BB0) and exactly once in 1.6.1170 .text; callees 1/1 ordered; rev-callees 1/1; callers 30/30; identical-caller sites 32 agree; neighbour-delta hint +0 B (hint only)",pass
67631,id,cl,Offset::BSSoundHandle::SetPosition CL BSSoundHandle::SetPosition [MFO] src/RE/B/BSSoundHandle.cpp:50,0xCAF840,0xCC99C0,XREF,xref:identical-caller,"29 caller(s) whose masked bytes are identical in both images (0x21AD10->0x2205F0 call@+0x44B, 0x27CCC0->0x282480 call@+0xBF, 0x2D9800->0x2DFD50 call@+0x181, 0x2D99A0->0x2DFEF0 call@+0x1C2) make the call at the same offset, to 0xCC99C0; no conflicting caller; size 95 vs 95; callees 1/1 ordered; rev-callees 1/1; callers 28/28; identical-caller sites 29 agree; neighbour-delta hint +0 B (hint only)",pass
67619,id,cl,Offset::BSSoundHandle::Stop CL BSSoundHandle::Stop [MFO] src/RE/B/BSSoundHandle.cpp:71,0xCAF520,0xCC96A0,UNIQUE-SIG,sig:L1-body,"masked-byte head region (51 B, 43 fixed, 18 insn) hits exactly once in 1.7.104 .text (at 0xCC96A0) and exactly once in 1.6.1170 .text; callees 1/1 ordered; rev-callees 1/1; callers 50/50; identical-caller sites 61 agree; neighbour-delta hint +0 B (hint only)",pass
400447,id,cl,Offset::Calendar::Singleton CL Calendar::GetSingleton [MFO] src/RE/C/Calendar.cpp:9,0x20F8960,0x21A05D0,XREF,xref:global,"50 mapped referencing function(s) (45 by identical bytes, 5 by ordinal in identical instruction shape; largest 651 insn) read the corresponding rip-relative operand and all agree on 0x21A05D0; section .data kept; AE has 223 referencing sites",pass
400863,id,cl,Offset::ControlMap::Singleton CL ControlMap::GetSingleton [MFO] src/RE/C/ControlMap.cpp:9 ; Offset::ControlMap::Singleton CL ControlMap::GetSingleton [APMF] src/RE/C/ControlMap.cpp:9,0x30FDA10,0x31A5690,XREF,xref:global,"40 mapped referencing function(s) (25 by identical bytes, 15 by ordinal in identical instruction shape; largest 815 insn) read the corresponding rip-relative operand and all agree on 0x31A5690; section .data kept; AE has 169 referencing sites",pass
12315,id,cl,Offset::ExtraDataList::Add CL ExtraDataList::Add [MFO] src/RE/E/ExtraDataList.cpp:182,0x178AE0,0x17E0E0,UNIQUE-SIG,sig:L1-body,"masked-byte head region (112 B, 100 fixed, 32 insn) hits exactly once in 1.7.104 .text (at 0x17E0E0) and exactly once in 1.6.1170 .text; callees 2/2 ordered; rev-callees 2/2; callers 20/20; identical-caller sites 157 agree; neighbour-delta hint +0 B (hint only)",pass
11583,id,cl,"RelocationID(11437,11583) CL ExtraDataList::ExtraDataList [MFO] src/RE/E/ExtraDataList.cpp:42 ; RelocationID(11437,11583) CL ExtraDataList::ExtraDataList [APMF] src/RE/E/ExtraDataList.cpp:42",0x151E90,0x157420,UNIQUE-SIG,sig:L1-body,"masked-byte head region (61 B, 53 fixed, 17 insn) hits exactly once in 1.7.104 .text (at 0x157420) and exactly once in 1.6.1170 .text; callees 0/0 ordered; rev-callees 0/0; callers 45/45; identical-caller sites 47 agree; neighbour-delta hint +0 B (hint only)",pass
11437,id,cl,"RelocationID(11308,11437) CL FixedStrings::GetSingleton [MFO] include/RE/F/FixedStrings.h:13",0x14EF60,0x1544F0,XREF,xref:identical-caller,"168 caller(s) whose masked bytes are identical in both images (0x14E0E0->0x153670 call@+0x8, 0x1D3DE0->0x1D94A0 call@+0x5D, 0x1D3DE0->0x1D94A0 call@+0x74, 0x1FB000->0x200700 call@+0x1A7) make the call at the same offset, to 0x1544F0; no conflicting caller; size 133 vs 133; callees 4/4 ordered; rev-callees 4/4; callers 49/49; identical-caller sites 168 agree; neighbour-delta hint +0 B (hint only)",pass
82562,id,cl,"RelocationID(80446,82562) CL GString::ctor [MFO] src/RE/G/GString.cpp:260 ; RelocationID(80446,82562) CL GString::ctor [APMF] src/RE/G/GString.cpp:260",0xFBB150,0xCFC860,UNIQUE-SIG,sig:L1-body,"masked-byte head region (159 B, 143 fixed, 42 insn) hits exactly once in 1.7.104 .text (at 0xCFC860) and exactly once in 1.6.1170 .text; callees 0/0 ordered; rev-callees 0/0; callers 36/36; identical-caller sites 84 agree; neighbour-delta hint +0 B (hint only)",pass
400782,id,cl,Offset::GameSettingCollection::Singleton CL GameSettingCollection::GetSingleton [MFO] src/RE/G/GameSettingCollection.cpp:5,0x30FD6F0,0x31A5370,XREF,xref:global,"2 mapped referencing function(s) (2 by identical bytes, 0 by ordinal in identical instruction shape; largest 53 insn) read the corresponding rip-relative operand and all agree on 0x31A5370; section .data kept; AE has 2 referencing sites",pass
411155,id,cl,Offset::INISettingCollection::Singleton CL INISettingCollection::GetSingleton [MFO] src/RE/I/INISettingCollection.cpp:5,0x327E0E0,0x3327860,XREF,xref:global,"13 mapped referencing function(s) (13 by identical bytes, 0 by ordinal in identical instruction shape; largest 174 insn) read the corresponding rip-relative operand and all agree on 0x3327860; section .data kept; AE has 13 referencing sites",pass
16050,id,cl,"RelocationID(15812,16050) CL InventoryChanges::Ctor [MFO] src/RE/I/InventoryChanges.cpp:147 ; RelocationID(15812,16050) CL InventoryChanges::Ctor [APMF] src/RE/I/InventoryChanges.cpp:147",0x225E70,0x22B760,UNIQUE-SIG,sig:L1-body,"masked-byte head region (231 B, 203 fixed, 54 insn) hits exactly once in 1.7.104 .text (at 0x22B760) and exactly once in 1.6.1170 .text; callees 1/1 ordered; rev-callees 1/1; callers 2/2; identical-caller sites 2 agree; neighbour-delta hint +0 B (hint only)",pass
16130,id,cl,"RelocationID(15890,16130) CL InventoryChanges::InitFromContainerExtra [MFO] src/RE/I/InventoryChanges.cpp:119 ; RelocationID(15890,16130) CL InventoryChanges::InitFromContainerExtra [APMF] src/RE/I/InventoryChanges.cpp:119",0x236E40,0x23C660,UNIQUE-SIG,sig:L1-body,"masked-byte head region (456 B, 340 fixed, 121 insn) hits exactly once in 1.7.104 .text (at 0x23C660) and exactly once in 1.6.1170 .text; callees 8/8 ordered; rev-callees 8/8; callers 2/2; identical-caller sites 2 agree; neighbour-delta hint +0 B (hint only)",pass
16129,id,cl,"RelocationID(15889,16129) CL InventoryChanges::InitLeveledItems [MFO] src/RE/I/InventoryChanges.cpp:126 ; RelocationID(15889,16129) CL InventoryChanges::InitLeveledItems [APMF] src/RE/I/InventoryChanges.cpp:126",0x236B60,0x23C380,UNIQUE-SIG,sig:L1-body,"masked-byte head region (724 B, 640 fixed, 214 insn) hits exactly once in 1.7.104 .text (at 0x23C380) and exactly once in 1.6.1170 .text; callees 6/6 ordered; rev-callees 6/6; callers 2/2; identical-caller sites 2 agree; neighbour-delta hint +0 B (hint only)",pass
16068,id,cl,"RelocationID(15829,16068) CL InventoryChanges::InitScripts [MFO] src/RE/I/InventoryChanges.cpp:140 ; RelocationID(15829,16068) CL InventoryChanges::InitScripts [APMF] src/RE/I/InventoryChanges.cpp:140",0x22D260,0x232AC0,UNIQUE-SIG,sig:L1-body,"masked-byte head region (1282 B, 1006 fixed, 342 insn) hits exactly once in 1.7.104 .text (at 0x232AC0) and exactly once in 1.6.1170 .text; callees 16/16 ordered; rev-callees 16/16; callers 4/4; identical-caller sites 4 agree; neighbour-delta hint -176 B (hint only)",pass
16149,id,cl,Offset::InventoryChanges::SetUniqueID CL InventoryChanges::SetUniqueID [MFO] src/RE/I/InventoryChanges.cpp:98 ; Offset::InventoryChanges::SetUniqueID CL InventoryChanges::SetUniqueID [APMF] src/RE/I/InventoryChanges.cpp:98,0x239E20,0x23F640,UNIQUE-SIG,sig:L1-body,"masked-byte head region (283 B, 259 fixed, 75 insn) hits exactly once in 1.7.104 .text (at 0x23F640) and exactly once in 1.6.1170 .text; callees 2/2 ordered; rev-callees 2/2; callers 2/2; identical-caller sites 2 agree; neighbour-delta hint +0 B (hint only)",pass
15995,id,cl,"RelocationID(15757,15995) CL InventoryEntryData::GetValue [MFO] src/RE/I/InventoryEntryData.cpp:180",0x2230D0,0x2289C0,UNIQUE-SIG,sig:L1-body,"masked-byte head region (35 B, 35 fixed, 106 insn, function has 3 split regions) hits exactly once in 1.7.104 .text (at 0x2289C0) and exactly once in 1.6.1170 .text; callees 6/6 ordered; rev-callees 6/6; callers 18/18; identical-caller sites 18 agree; neighbour-delta hint +0 B (hint only)",pass
16005,id,cl,"RelocationID(15767,16005) CL InventoryEntryData::IsQuestObject [MFO] src/RE/I/InventoryEntryData.cpp:246",0x2235A0,0x228E90,UNIQUE-SIG,sig:L1-body(short),"masked-byte head region (22 B, 22 fixed, 35 insn, function has 3 split regions) hits exactly once in 1.7.104 .text (at 0x228E90) and exactly once in 1.6.1170 .text (short body, accepted only because crosscheck passes); callees 1/1 ordered; rev-callees 1/1; callers 11/11; identical-caller sites 11 agree; neighbour-delta hint +0 B (hint only)",pass
11321,id,cl,Offset::MagicItem::CalculateCost CL MagicItem::CalculateCost [MFO] src/RE/M/MagicItem.cpp:43,0x14C1F0,0x151780,UNIQUE-SIG,sig:L1-body,"masked-byte head region (257 B, 249 fixed, 67 insn) hits exactly once in 1.7.104 .text (at 0x151780) and exactly once in 1.6.1170 .text; callees 1/1 ordered; rev-callees 1/1; callers 24/24; identical-caller sites 24 agree; neighbour-delta hint +0 B (hint only)",pass
11335,id,cl,Offset::MagicItem::GetCostliestEffectItem CL MagicItem::GetCostliestEffectItem [MFO] src/RE/M/MagicItem.cpp:36 ; Offset::MagicItem::GetCostliestEffectItem CL MagicItem::GetCostliestEffectItem [APMF] src/RE/M/MagicItem.cpp:36,0x14C470,0x151A00,UNIQUE-SIG,sig:L1-body,"masked-byte head region (143 B, 139 fixed, 39 insn) hits exactly once in 1.7.104 .text (at 0x151A00) and exactly once in 1.6.1170 .text; callees 0/0 ordered; rev-callees 0/0; callers 6/6; identical-caller sites 6 agree; neighbour-delta hint +0 B (hint only)",pass
11338,id,cl,"RelocationID(11219,11338) CL MagicItem::GetLargestArea [MFO] src/RE/M/MagicItem.cpp:62",0x14C640,0x151BD0,XREF,xref:identical-caller,"2 caller(s) whose masked bytes are identical in both images (0x7D8280->0x7ECF20 call@+0x72, 0x7F6920->0x80B650 call@+0x23E) make the call at the same offset, to 0x151BD0; no conflicting caller; size 125 vs 125; callees 0/0 ordered; rev-callees 0/0; callers 2/2; identical-caller sites 2 agree; neighbour-delta hint +0 B (hint only)",pass
403449,id,cl,Offset::Main::Singleton CL Main::GetSingleton [MFO] src/RE/M/Main.cpp:8 ; Offset::Main::Singleton CL Main::GetSingleton [APMF] src/RE/M/Main.cpp:8,0x31872C0,0x3230530,XREF,xref:global,"45 mapped referencing function(s) (36 by identical bytes, 9 by ordinal in identical instruction shape; largest 1102 insn) read the corresponding rip-relative operand and all agree on 0x3230530; section .data kept; AE has 97 referencing sites",pass
401263,id,cl,Offset::MenuControls::Singleton CL MenuControls::GetSingleton [MFO] src/RE/M/MenuControls.cpp:16,0x31380E8,0x31DFD78,XREF,xref:global,"47 mapped referencing function(s) (37 by identical bytes, 10 by ordinal in identical instruction shape; largest 960 insn) read the corresponding rip-relative operand and all agree on 0x31DFD78; section .data kept; AE has 83 referencing sites",pass
410468,id,cl,Offset::NiPoint3::Zero CL NiPoint3::Zero [MFO] src/RE/N/NiPoint3.cpp:161,0x3272C98,0x331C458,XREF,xref:global,"46 mapped referencing function(s) (46 by identical bytes, 0 by ordinal in identical instruction shape; largest 2328 insn) read the corresponding rip-relative operand and all agree on 0x331C458; section .data kept; AE has 1093 referencing sites",pass
410493,id,cl,Offset::NiRefObject::TotalObjectCount CL NiRefObject::GetTotalObjectCount [MFO] src/RE/N/NiRefObject.cpp:36 ; Offset::NiRefObject::TotalObjectCount CL NiRefObject::GetTotalObjectCount [APMF] src/RE/N/NiRefObject.cpp:36,0x3272EA0,0x331C620,XREF,xref:global,"50 mapped referencing function(s) (50 by identical bytes, 0 by ordinal in identical instruction shape; largest 1051 insn) read the corresponding rip-relative operand and all agree on 0x331C620; section .data kept; AE has 384 referencing sites",pass
105410,id,cl,"RelocationID(98759,105410) CL Object::Ctor [MFO] src/RE/U/UnlinkedTypes.cpp:24",0x1476F30,0x14E2F40,UNIQUE-SIG,sig:L1-body,"masked-byte head region (683 B, 499 fixed, 155 insn) hits exactly once in 1.7.104 .text (at 0x14E2F40) and exactly once in 1.6.1170 .text; callees 8/8 ordered; rev-callees 8/8; callers 1/1; identical-caller sites 1 agree; neighbour-delta hint +0 B (hint only)",pass
104247,id,cl,"RelocationID(97463,104247) CL Object::GetHandle [MFO] src/RE/O/Object.cpp:17",0x1422240,0x148E250,UNIQUE-SIG,sig:L1-body,"masked-byte head region (111 B, 99 fixed, 34 insn) hits exactly once in 1.7.104 .text (at 0x148E250) and exactly once in 1.6.1170 .text; callees 0/0 ordered; rev-callees 0/0; callers 50/50; identical-caller sites 179 agree; neighbour-delta hint +0 B (hint only)",pass
40484,id,cl,"RelocationID(39409,40484) CL PlayerCharacter::CheckCast [MFO] src/RE/P/PlayerCharacter.cpp:59 ; RelocationID(39409,40484) CL PlayerCharacter::CheckCast [APMF] src/RE/P/PlayerCharacter.cpp:59",0x736950,0x749510,UNIQUE-SIG,sig:L1-body,"masked-byte head region (74 B, 70 fixed, 27 insn) hits exactly once in 1.7.104 .text (at 0x749510) and exactly once in 1.6.1170 .text (no callers/callees/strings to crosscheck; accepted on a >=64 fixed-byte body); callees 0/0 ordered; rev-callees 0/0; callers 0/0; neighbour-delta hint +0 B (hint only)",na
403521,id,cl,Offset::PlayerCharacter::Singleton CL PlayerCharacter::GetSingleton [MFO] src/RE/P/PlayerCharacter.cpp:16 ; Offset::PlayerCharacter::Singleton CL PlayerCharacter::GetSingleton [APMF] src/RE/P/PlayerCharacter.cpp:16,0x31874F8,0x3230778,XREF,xref:global,"50 mapped referencing function(s) (37 by identical bytes, 13 by ordinal in identical instruction shape; largest 671 insn) read the corresponding rip-relative operand and all agree on 0x3230778; section .data kept; AE has 2784 referencing sites",pass
42336,id,cl,Offset::PlayerControls::Ctor CL PlayerControls::Ctor [MFO] src/RE/P/PlayerControls.cpp:19,0x79A4C0,0x7AD450,UNIQUE-SIG,sig:L1-body,"masked-byte head region (642 B, 494 fixed, 136 insn) hits exactly once in 1.7.104 .text (at 0x7AD450) and exactly once in 1.6.1170 .text; callees 2/2 ordered; rev-callees 2/2; callers 0/0; identical-caller sites 1 agree; neighbour-delta hint +0 B (hint only)",pass
400864,id,cl,Offset::PlayerControls::Singleton CL PlayerControls::GetSingleton [MFO] src/RE/P/PlayerControls.cpp:13,0x30FDA18,0x31A5698,XREF,xref:global,"35 mapped referencing function(s) (17 by identical bytes, 18 by ordinal in identical instruction shape; largest 960 insn) read the corresponding rip-relative operand and all agree on 0x31A5698; section .data kept; AE has 114 referencing sites",pass
400315,id,cl,"RelocationID(514167,400315) CL ProcessLists::GetSingleton [MFO] src/RE/P/ProcessLists.cpp:11 ; RelocationID(514167,400315) CL State::GetSingleton [MFO] include/RE/S/State.h:15 ; RelocationID(514167,400315) CL ProcessLists::GetSingleton [APMF] src/RE/P/ProcessLists.cpp:11 ; RelocationID(514167,400315) CL State::GetSingleton [APMF] include/RE/S/State.h:15",0x20F69B0,0x219E570,XREF,xref:global,"56 mapped referencing function(s) (47 by identical bytes, 9 by ordinal in identical instruction shape; largest 1235 insn) read the corresponding rip-relative operand and all agree on 0x219E570; section .data kept; AE has 431 referencing sites",pass
44108,id,cl,"RelocationID(42928,44108) CL Projectile::Launch [MFO] src/RE/P/Projectile.cpp:255",0x7E46C0,0x7F9300,UNIQUE-SIG,sig:shape,"instruction-shape (mnemonic+operand kinds, 516 insn) unique among the 92099/93770 indexed functions of AE/1.7 (struct displacements/registers differ); size 2010 vs 2010; callees 19/19 ordered; rev-callees 19/19; callers 3/3; identical-caller sites 3 agree; neighbour-delta hint +0 B (hint only)",pass
12399,id,cl,"RelocationID(12272,12399) CL REFR_LOCK::GetLockLevel [MFO] src/RE/E/ExtraLock.cpp:5",0x17B620,0x180C10,UNIQUE-SIG,sig:L1-body,"masked-byte head region (174 B, 134 fixed, 54 insn) hits exactly once in 1.7.104 .text (at 0x180C10) and exactly once in 1.6.1170 .text; callees 0/0 ordered; rev-callees 0/0; callers 7/7; identical-caller sites 7 agree; neighbour-delta hint +0 B (hint only)",pass
406370,id,cl,"RelocationID(519827,406370) CL RUNTIME_DATA::GetSingleton [MFO] include/RE/M/MistMenu.h:133 ; RelocationID(519827,406370) CL RUNTIME_DATA::GetSingleton [APMF] include/RE/M/MistMenu.h:133",0x31AF0F0,0x3258430,XREF,xref:global,"32 mapped referencing function(s) (26 by identical bytes, 6 by ordinal in identical instruction shape; largest 250 insn) read the corresponding rip-relative operand and all agree on 0x3258430; section .data kept; AE has 32 referencing sites",pass
13894,id,cl,"RelocationID(10878,13894) CL RecordFlags::GetSingleton [MFO] include/RE/B/BGSDefaultObjectManager.h:1012 ; RelocationID(10878,13894) CL RecordFlags::GetSingleton [APMF] include/RE/B/BGSDefaultObjectManager.h:1012",0x1C2E70,0x1C8530,XREF,xref:identical-caller,"23 caller(s) whose masked bytes are identical in both images (0x1B1D30->0x1B72E0 call@+0x32F5, 0x1B9AB0->0x1BF060 call@+0x1EB, 0x65FE90->0x6728B0 call@+0xAF, 0x660410->0x672E30 call@+0x39B) make the call at the same offset, to 0x1C8530; no conflicting caller; size 133 vs 133; callees 3/3 ordered; rev-callees 3/3; callers 1/1; identical-caller sites 23 agree; neighbour-delta hint +0 B (hint only)",pass
18995,id,cl,"RelocationID(18536,18995) CL RecordFlags::GetbhkWorld [MFO] include/RE/T/TESObjectCELL.h:201",0x2B8D30,0x2BE9B0,UNIQUE-SIG,sig:L1-body(short),"masked-byte head region (26 B, 18 fixed, 7 insn) hits exactly once in 1.7.104 .text (at 0x2BE9B0) and exactly once in 1.6.1170 .text (short body, accepted only because crosscheck passes); callees 1/1 ordered; rev-callees 1/1; callers 39/39; identical-caller sites 78 agree; neighbour-delta hint +0 B (hint only)",pass
411393,id,cl,"RelocationID(524907,411393) CL Renderer::GetSingleton [MFO] src/RE/R/Renderer.cpp:7",0x32887C0,0x3331F40,XREF,xref:global,"48 mapped referencing function(s) (47 by identical bytes, 1 by ordinal in identical instruction shape; largest 1325 insn) read the corresponding rip-relative operand and all agree on 0x3331F40; section .data kept; AE has 488 referencing sites",pass
14299,id,cl,"RelocationID(14190,14299) CL ScriptEventSourceHolder::SendOpenCloseEvent [MFO] src/RE/S/ScriptEventSourceHolder.cpp:26 ; RelocationID(14190,14299) CL ScriptEventSourceHolder::SendOpenCloseEvent [APMF] src/RE/S/ScriptEventSourceHolder.cpp:26",0x1D52C0,0x1DA980,UNIQUE-SIG,sig:L1-body,"masked-byte head region (166 B, 162 fixed, 47 insn) hits exactly once in 1.7.104 .text (at 0x1DA980) and exactly once in 1.6.1170 .text; callees 0/0 ordered; rev-callees 0/0; callers 0/0; identical-caller sites 2 agree; neighbour-delta hint +0 B (hint only)",pass
400475,id,cl,Offset::SkyrimVM::Singleton CL SkyrimVM::GetSingleton [MFO] src/RE/S/SkyrimVM.cpp:6,0x20FBA70,0x21A36E0,XREF,xref:global,"45 mapped referencing function(s) (20 by identical bytes, 25 by ordinal in identical instruction shape; largest 815 insn) read the corresponding rip-relative operand and all agree on 0x21A36E0; section .data kept; AE has 221 referencing sites",pass
411479,id,cl,"RelocationID(524998,411479) CL State::GetSingleton [MFO] include/RE/S/State.h:15 ; RelocationID(524998,411479) CL State::GetSingleton [APMF] include/RE/S/State.h:15",0x328CC20,0x33363A0,XREF,xref:global,"42 mapped referencing function(s) (41 by identical bytes, 1 by ordinal in identical instruction shape; largest 846 insn) read the corresponding rip-relative operand and all agree on 0x33363A0; section .data kept; AE has 60 referencing sites",pass
403450,id,cl,Offset::TES::Singleton CL TES::GetSingleton [MFO] src/RE/T/TES.cpp:12 ; Offset::TES::Singleton CL TES::GetSingleton [APMF] src/RE/T/TES.cpp:12,0x31872C8,0x32303B8,XREF,xref:global,"47 mapped referencing function(s) (42 by identical bytes, 5 by ordinal in identical instruction shape; largest 671 insn) read the corresponding rip-relative operand and all agree on 0x32303B8; section .data kept; AE has 681 referencing sites",pass
13371,id,cl,"RelocationID(13221,13371) CL TES::Pick [MFO] src/RE/T/TES.cpp:132",0x1A1B90,0x1A6F80,UNIQUE-SIG,sig:L1-body,"masked-byte head region (73 B, 61 fixed, 23 insn) hits exactly once in 1.7.104 .text (at 0x1A6F80) and exactly once in 1.6.1170 .text; callees 1/1 ordered; rev-callees 1/1; callers 9/9; identical-caller sites 9 agree; neighbour-delta hint +0 B (hint only)",pass
29888,id,cl,"RelocationID(29074,29888) CL TESCondition::IsTrue [MFO] src/RE/T/TESCondition.cpp:78",0x49F8F0,0x4A6E20,UNIQUE-SIG,sig:L1-body,"masked-byte head region (59 B, 55 fixed, 14 insn) hits exactly once in 1.7.104 .text (at 0x4A6E20) and exactly once in 1.6.1170 .text; callees 1/1 ordered; rev-callees 1/1; callers 18/18; identical-caller sites 18 agree; neighbour-delta hint +0 B (hint only)",pass
400269,id,cl,Offset::TESDataHandler::Singleton CL TESDataHandler::GetSingleton [MFO] src/RE/T/TESDataHandler.cpp:8 ; Offset::TESDataHandler::Singleton CL TESDataHandler::GetSingleton [APMF] src/RE/T/TESDataHandler.cpp:8,0x20F6320,0x219DED8,XREF,xref:global,"53 mapped referencing function(s) (44 by identical bytes, 9 by ordinal in identical instruction shape; largest 2328 insn) read the corresponding rip-relative operand and all agree on 0x219DED8; section .data kept; AE has 550 referencing sites",pass
14552,id,cl,Offset::TESDescription::GetDescription CL TESDescription::GetDescription [MFO] src/RE/T/TESDescription.cpp:7,0x1DBCC0,0x1E1380,UNIQUE-SIG,sig:L1-body,"masked-byte head region (420 B, 336 fixed, 109 insn) hits exactly once in 1.7.104 .text (at 0x1E1380) and exactly once in 1.6.1170 .text; callees 12/12 ordered; rev-callees 12/12; callers 8/8; identical-caller sites 9 agree; neighbour-delta hint +0 B (hint only)",pass
13982,id,cl,Offset::TESFile::GetFormType CL TESFile::GetFormType [MFO] src/RE/T/TESFile.cpp:26,0x1C8100,0x1CD7D0,UNIQUE-SIG,sig:L1-body,"masked-byte head region (72 B, 60 fixed, 22 insn) hits exactly once in 1.7.104 .text (at 0x1CD7D0) and exactly once in 1.6.1170 .text; callees 2/2 ordered; rev-callees 2/2; callers 49/49; identical-caller sites 74 agree; neighbour-delta hint +0 B (hint only)",pass
14988,id,cl,"RelocationID(14809,14988) CL TESForm::GetWeight [MFO] src/RE/T/TESForm.cpp:39",0x1EE0F0,0x1F37B0,UNIQUE-SIG,sig:prefix,first-10-instruction masked prefix unique in AE and 1.7; size 286 vs 286; callees 0/0 ordered; rev-callees 0/0; callers 12/12; identical-caller sites 12 agree; neighbour-delta hint +0 B (hint only),pass
17842,id,cl,"RelocationID(17439,17842) CL TESObjectBOOK::Read [MFO] src/RE/T/TESObjectBOOK.cpp:57",0x27AAD0,0x280290,UNIQUE-SIG,sig:L1-body,"masked-byte head region (585 B, 457 fixed, 146 insn) hits exactly once in 1.7.104 .text (at 0x280290) and exactly once in 1.6.1170 .text; callees 5/5 ordered; rev-callees 5/5; callers 2/2; strings equal(3); identical-caller sites 2 agree; neighbour-delta hint +0 B (hint only)",pass
19796,id,cl,"RelocationID(19369,19796) CL TESObjectREFR::ActivateRef [MFO] src/RE/T/TESObjectREFR.cpp:52",0x2EAC20,0x2F11B0,UNIQUE-SIG,sig:L1-body,"masked-byte head region (2005 B, 1609 fixed, 534 insn) hits exactly once in 1.7.104 .text (at 0x2F11B0) and exactly once in 1.6.1170 .text; callees 22/22 ordered; rev-callees 22/22; callers 33/33; identical-caller sites 35 agree; neighbour-delta hint +0 B (hint only)",pass
19812,id,cl,"RelocationID(19385,19812) CL TESObjectREFR::GetCurrentLocation [MFO] src/RE/T/TESObjectREFR.cpp:179",0x2ED5E0,0x2F3B70,UNIQUE-SIG,sig:shape,"instruction-shape (mnemonic+operand kinds, 34 insn) unique among the 92099/93770 indexed functions of AE/1.7 (struct displacements/registers differ); size 117 vs 117; callees 3/3 ordered; rev-callees 3/3; callers 28/28; identical-caller sites 36 agree; neighbour-delta hint +0 B (hint only)",pass
19781,id,cl,Offset::TESObjectREFR::GetDisplayFullName CL TESObjectREFR::GetDisplayFullName [MFO] src/RE/T/TESObjectREFR.cpp:186,0x2EA340,0x2F08D0,UNIQUE-SIG,sig:L1-body,"masked-byte head region (600 B, 476 fixed, 156 insn) hits exactly once in 1.7.104 .text (at 0x2F08D0) and exactly once in 1.6.1170 .text; callees 11/11 ordered; rev-callees 11/11; callers 33/33; identical-caller sites 35 agree; neighbour-delta hint +0 B (hint only)",pass
20223,id,cl,Offset::TESObjectREFR::GetLock CL TESObjectREFR::GetLock [MFO] src/RE/T/TESObjectREFR.cpp:427 ; Offset::TESObjectREFR::GetLock CL TESObjectREFR::GetLock [APMF] src/RE/T/TESObjectREFR.cpp:427,0x2FAD60,0x301360,UNIQUE-SIG,sig:L1-body,"masked-byte head region (166 B, 142 fixed, 45 insn) hits exactly once in 1.7.104 .text (at 0x301360) and exactly once in 1.6.1170 .text; callees 4/4 ordered; rev-callees 4/4; callers 36/36; identical-caller sites 36 agree; neighbour-delta hint +0 B (hint only)",pass
20194,id,cl,Offset::TESObjectREFR::GetOwner CL TESObjectREFR::GetOwner [MFO] src/RE/T/TESObjectREFR.cpp:452,0x2F9E40,0x300440,UNIQUE-SIG,sig:L1-body,"masked-byte head region (267 B, 231 fixed, 76 insn) hits exactly once in 1.7.104 .text (at 0x300440) and exactly once in 1.6.1170 .text; callees 5/5 ordered; rev-callees 5/5; callers 43/43; identical-caller sites 54 agree; neighbour-delta hint +0 B (hint only)",pass
19703,id,cl,"RelocationID(19277,19703) CL TESObjectREFR::GetWeightInContainer [MFO] src/RE/T/TESObjectREFR.cpp:516",0x2E2120,0x2E8690,UNIQUE-SIG,sig:L1-body,"masked-byte head region (201 B, 181 fixed, 61 insn) hits exactly once in 1.7.104 .text (at 0x2E8690) and exactly once in 1.6.1170 .text; callees 4/4 ordered; rev-callees 4/4; callers 2/2; identical-caller sites 3 agree; neighbour-delta hint +0 B (hint only)",pass
19627,id,cl,"RelocationID(19201,19627) CL TESObjectREFR::HasQuestObject [MFO] src/RE/T/TESObjectREFR.cpp:586",0x2DF4F0,0x2E5A60,XREF,xref:identical-caller,"2 caller(s) whose masked bytes are identical in both images (0x2CC7F0->0x2D2CB0 call@+0x5D, 0x76A660->0x77D350 call@+0xFB) make the call at the same offset, to 0x2E5A60; no conflicting caller; size 86 vs 86; callees 1/1 ordered; rev-callees 1/1; callers 2/2; identical-caller sites 2 agree; neighbour-delta hint +0 B (hint only)",pass
16038,id,cl,Offset::TESObjectREFR::InitInventoryIfRequired CL TESObjectREFR::InitInventoryIfRequired [MFO] src/RE/T/TESObjectREFR.cpp:600 ; Offset::TESObjectREFR::InitInventoryIfRequired CL TESObjectREFR::InitInventoryIfRequired [APMF] src/RE/T/TESObjectREFR.cpp:600,0x225770,0x22B060,UNIQUE-SIG,sig:L1-body,"masked-byte head region (599 B, 503 fixed, 164 insn) hits exactly once in 1.7.104 .text (at 0x22B060) and exactly once in 1.6.1170 .text; callees 7/7 ordered; rev-callees 7/7; callers 6/6; identical-caller sites 6 agree; neighbour-delta hint +0 B (hint only)",pass
19827,id,cl,"RelocationID(19400,19827) CL TESObjectREFR::IsCrimeToActivate [MFO] src/RE/T/TESObjectREFR.cpp:625",0x2EE480,0x2F4A50,UNIQUE-SIG,sig:L1-body,"masked-byte head region (603 B, 431 fixed, 160 insn) hits exactly once in 1.7.104 .text (at 0x2F4A50) and exactly once in 1.6.1170 .text; callees 12/12 ordered; rev-callees 12/12; callers 8/8; identical-caller sites 8 agree; neighbour-delta hint +64 B (hint only)",pass
16040,id,cl,"RelocationID(15802,16040) CL TESObjectREFR::MakeInventoryChanges [MFO] src/RE/T/TESObjectREFR.cpp:860 ; RelocationID(15802,16040) CL TESObjectREFR::MakeInventoryChanges [APMF] src/RE/T/TESObjectREFR.cpp:860",0x2259F0,0x22B2E0,UNIQUE-SIG,sig:L1-body,"masked-byte head region (367 B, 303 fixed, 92 insn) hits exactly once in 1.7.104 .text (at 0x22B2E0) and exactly once in 1.6.1170 .text; callees 3/3 ordered; rev-callees 3/3; callers 23/23; identical-caller sites 23 agree; neighbour-delta hint +0 B (hint only)",pass
56626,id,cl,Offset::TESObjectREFR::MoveTo CL TESObjectREFR::MoveTo_Impl [MFO] src/RE/T/TESObjectREFR.cpp:867,0xA447F0,0xA5D370,UNIQUE-SIG,sig:L1-body,"masked-byte head region (792 B, 656 fixed, 214 insn) hits exactly once in 1.7.104 .text (at 0xA5D370) and exactly once in 1.6.1170 .text; callees 10/10 ordered; rev-callees 10/10; callers 2/2; identical-caller sites 2 agree; neighbour-delta hint +0 B (hint only)",pass
25066,id,cl,"RelocationID(24537,25066) CL TESQuest::CreateRefHandleByAliasID [MFO] src/RE/T/TESQuest.cpp:13",0x3D14D0,0x3D8590,UNIQUE-SIG,sig:L1-body,"masked-byte head region (115 B, 99 fixed, 31 insn) hits exactly once in 1.7.104 .text (at 0x3D8590) and exactly once in 1.6.1170 .text; callees 1/1 ordered; rev-callees 1/1; callers 34/34; identical-caller sites 34 agree; neighbour-delta hint +0 B (hint only)",pass
25003,id,cl,Offset::TESQuest::EnsureQuestStarted CL TESQuest::EnsureQuestStarted [MFO] src/RE/T/TESQuest.cpp:20,0x3C9BF0,0x3D0CB0,UNIQUE-SIG,sig:L1-body,"masked-byte head region (38 B, 34 fixed, 81 insn, function has 5 split regions) hits exactly once in 1.7.104 .text (at 0x3D0CB0) and exactly once in 1.6.1170 .text; callees 3/3 ordered; rev-callees 3/3; callers 5/5; identical-caller sites 5 agree; neighbour-delta hint +0 B (hint only)",pass
25014,id,cl,Offset::TESQuest::ResetQuest CL TESQuest::Reset [MFO] src/RE/T/TESQuest.cpp:67,0x3CA170,0x3D1230,UNIQUE-SIG,sig:L1-body,"masked-byte head region (577 B, 557 fixed, 158 insn) hits exactly once in 1.7.104 .text (at 0x3D1230) and exactly once in 1.6.1170 .text; callees 2/2 ordered; rev-callees 2/2; callers 3/3; identical-caller sites 3 agree; neighbour-delta hint +0 B (hint only)",pass
20543,id,cl,"RelocationID(20095,20543) CL TESWorldSpace::GetSkyCell [MFO] src/RE/T/TESWorldSpace.cpp:10",0x30B070,0x311640,UNIQUE-SIG,sig:L1-body,"masked-byte head region (258 B, 206 fixed, 64 insn) hits exactly once in 1.7.104 .text (at 0x311640) and exactly once in 1.6.1170 .text; callees 4/4 ordered; rev-callees 4/4; callers 38/38; identical-caller sites 41 agree; neighbour-delta hint +0 B (hint only)",pass
400327,id,cl,Offset::UI::Singleton CL UI::GetSingleton [MFO] src/RE/U/UI.cpp:7,0x20F6A00,0x219E5C0,XREF,xref:global,"2 mapped referencing function(s) (2 by identical bytes, 0 by ordinal in identical instruction shape; largest 12 insn) read the corresponding rip-relative operand and all agree on 0x219E5C0; section .data kept; AE has 311 referencing sites",pass
402638,id,cl,Offset::UserEvents::Singleton CL UserEvents::GetSingleton [MFO] src/RE/U/UserEvents.cpp:5,0x315CC30,0x32048D0,XREF,xref:global,"37 mapped referencing function(s) (23 by identical bytes, 14 by ordinal in identical instruction shape; largest 815 insn) read the corresponding rip-relative operand and all agree on 0x32048D0; section .data kept; AE has 213 referencing sites",pass
188105,id,cl,"RelocationID(231896,188105) CL bhkWorld::GetWorldScale [MFO] include/RE/B/bhkWorld.h:44 ; RelocationID(231896,188105) CL bhkWorld::GetWorldScale [APMF] include/RE/B/bhkWorld.h:44",0x17849DC,0x17FDE5C,XREF,xref:global,"42 mapped referencing function(s) (40 by identical bytes, 2 by ordinal in identical instruction shape; largest 712 insn) read the corresponding rip-relative operand and all agree on 0x17FDE5C; section .rdata kept; AE has 181 referencing sites",pass
39887,id,cl,"RelocationID(38850,39887) CL AIProcess::SetHeadtrackTarget [APMF] src/RE/A/AIProcess.cpp:213",0x7109D0,0x723510,UNIQUE-SIG,sig:L1-body,"masked-byte head region (67 B, 59 fixed, 18 insn) hits exactly once in 1.7.104 .text (at 0x723510) and exactly once in 1.6.1170 .text; callees 0/0 ordered; rev-callees 0/0; callers 3/3; identical-caller sites 4 agree; neighbour-delta hint +0 B (hint only)",pass
38717,id,cl,"RelocationID(37772,38717) CL Actor::RemoveSpell [APMF] src/RE/A/Actor.cpp:946",0x6C14B0,0x6D3F70,UNIQUE-SIG,sig:L1-body(short),"masked-byte head region (26 B, 22 fixed, 175 insn, function has 7 split regions) hits exactly once in 1.7.104 .text (at 0x6D3F70) and exactly once in 1.6.1170 .text (short body, accepted only because crosscheck passes); callees 6/6 ordered; rev-callees 6/6; callers 3/3; identical-caller sites 3 agree; neighbour-delta hint +0 B (hint only)",pass
37764,id,cl,Offset::Actor::RequestDetectionLevel CL Actor::RequestDetectionLevel [APMF] src/RE/A/Actor.cpp:953,0x68F9F0,0x6A2520,UNIQUE-SIG,sig:L1-body,"masked-byte head region (81 B, 73 fixed, 26 insn) hits exactly once in 1.7.104 .text (at 0x6A2520) and exactly once in 1.6.1170 .text; callees 2/2 ordered; rev-callees 2/2; callers 23/23; identical-caller sites 24 agree; neighbour-delta hint +0 B (hint only)",pass
38897,id,cl,"RelocationID(37941,38897) CL ActorEquipManager::EquipShout [APMF] src/RE/A/ActorEquipManager.cpp:18",0x6C9AE0,0x6DC5D0,XREF,xref:identical-caller,"6 caller(s) whose masked bytes are identical in both images (0x353A20->0x35A080 call@+0x6D, 0x8784B0->0x88D760 call@+0xE7, 0x916DE0->0x92D0D0 call@+0xAD, 0xA4E000->0xA66B80 call@+0x334) make the call at the same offset, to 0x6DC5D0; no conflicting caller; size 43 vs 43; callees 1/1 ordered; rev-callees 1/1; callers 6/6; identical-caller sites 6 agree; neighbour-delta hint +0 B (hint only)",pass
16212,id,cl,"RelocationID(15967,16212) CL BSPointerHandleManagerInterface::GetHandle [APMF] include/RE/B/BSPointerHandle.h:213",0x23B780,0x240F50,XREF,xref:identical-caller,"10 caller(s) whose masked bytes are identical in both images (0x350840->0x356EA0 call@+0x111, 0x362B80->0x3691F0 call@+0x9B, 0x49C630->0x4A3B50 call@+0x1A7, 0x67D0B0->0x68FB70 call@+0x2F3) make the call at the same offset, to 0x240F50; no conflicting caller; size 54 vs 54; callees 0/0 ordered; rev-callees 0/0; callers 10/10; identical-caller sites 10 agree; neighbour-delta hint +0 B (hint only)",pass
405246,id,cl,"RelocationID(518706,405246) CL CombatManager::GetSingleton [APMF] include/RE/C/CombatManager.h:28",0x31AB798,0x3254A78,XREF,xref:global,"46 mapped referencing function(s) (32 by identical bytes, 14 by ordinal in identical instruction shape; largest 1675 insn) read the corresponding rip-relative operand and all agree on 0x3254A78; section .data kept; AE has 87 referencing sites",pass
401585,id,cl,"RelocationID(515446,401585) CL CrosshairPickData::GetSingleton [APMF] include/RE/C/CrosshairPickData.h:17",0x3138ED0,0x31E0B70,XREF,xref:global,"10 mapped referencing function(s) (4 by identical bytes, 6 by ordinal in identical instruction shape; largest 788 insn) read the corresponding rip-relative operand and all agree on 0x31E0B70; section .data kept; AE has 20 referencing sites",pass
34456,id,cl,"RelocationID(33676,34456) CL MagicCaster::FindTargets [APMF] src/RE/M/MagicCaster.cpp:16",0x5C03C0,0x5CEF10,UNIQUE-SIG,sig:L1-body,"masked-byte head region (163 B, 155 fixed, 48 insn) hits exactly once in 1.7.104 .text (at 0x5CEF10) and exactly once in 1.6.1170 .text; callees 1/1 ordered; rev-callees 1/1; callers 0/0; neighbour-delta hint +0 B (hint only)",pass
70251,id,cl,Offset::NiAVObject::Update CL NiAVObject::Update [APMF] src/RE/N/NiAVObject.cpp:241,0xD1BF70,0xEE0930,UNIQUE-SIG,sig:L1-body,"masked-byte head region (51 B, 51 fixed, 16 insn) hits exactly once in 1.7.104 .text (at 0xEE0930) and exactly once in 1.6.1170 .text; callees 0/0 ordered; rev-callees 0/0; callers 43/43; identical-caller sites 146 agree; neighbour-delta hint +0 B (hint only)",pass
70287,id,cl,Offset::NiNode::Ctor CL NiNode::Ctor [APMF] src/RE/N/NiNode.cpp:45,0xD1CF40,0xEE1940,UNIQUE-SIG,sig:L1-body,"masked-byte head region (135 B, 115 fixed, 33 insn) hits exactly once in 1.7.104 .text (at 0xEE1940) and exactly once in 1.6.1170 .text; callees 0/0 ordered; rev-callees 0/0; callers 43/43; identical-caller sites 77 agree; neighbour-delta hint +0 B (hint only)",pass
40586,id,cl,"RelocationID(39507,40586) CL PlayerCharacter::SetAIDriven [APMF] src/RE/P/PlayerCharacter.cpp:196",0x742D90,0x7559F0,UNIQUE-SIG,sig:shape,"instruction-shape (mnemonic+operand kinds, 28 insn) unique among the 92099/93770 indexed functions of AE/1.7 (struct displacements/registers differ); size 104 vs 104; callees 1/1 ordered; rev-callees 1/1; callers 5/5; identical-caller sites 5 agree; neighbour-delta hint +0 B (hint only)",pass
41558,id,cl,"RelocationID(15916,41558) CL TESActionData::Ctor [APMF] include/RE/T/TESActionData.h:38",0x77AD40,0x78DB90,UNIQUE-SIG,sig:L1-body,"masked-byte head region (126 B, 110 fixed, 34 insn) hits exactly once in 1.7.104 .text (at 0x78DB90) and exactly once in 1.6.1170 .text; callees 2/2 ordered; rev-callees 2/2; callers 1/1; identical-caller sites 1 agree; neighbour-delta hint +0 B (hint only)",pass
